day,sentiment_mean,sentiment_std,subjectivity_mean,subjectivity_std,counting
2024-12-26,0.8741945203114452,1.0,0.8152839913459277,1.0,1.0
2024-12-27,-1.1914123243968484,1.0,1.2161667027974667,1.0,1.0
2025-01-02,0.633057665779735,1.0,-0.32753994891223664,1.0,1.0
2025-01-03,-0.1667919369708406,1.0,0.22812270911929247,1.0,1.0
2025-01-05,0.283033680949151,1.5215731935770884,2.0894313055348146,0.4450741230150479,2.0
2025-01-07,0.1420718032112254,0.8672560895944865,0.5681816524941193,1.5197689625474053,4.0
2025-01-08,-0.04792202694162695,0.6999390806110729,-0.06266059983326418,0.9479398420822271,31.0
2025-01-09,-0.3954005593200265,0.8114299829258409,0.05927479529395731,0.8589310565399684,43.0
2025-01-10,0.08530904164727902,0.938070812596238,0.07736875399485495,0.8491710324141845,32.0
2025-01-11,-0.01050514825058892,0.8899775792629727,-0.08131347463899441,0.9544858530385164,25.0
2025-01-12,0.4016464978224261,0.766459145665621,0.05962388409863804,1.0860829174309186,22.0
2025-01-13,-0.15348040941961136,1.1022670020634293,-0.020638557862547462,1.0478766094866623,54.0
2025-01-14,-0.4607935505803661,1.039917008771796,0.007715556762569143,0.9510524057647928,37.0
2025-01-15,-0.04231283704559046,1.0787510273435863,0.050006699224713735,1.1569687808037314,27.0
2025-01-16,-0.1628625183312708,1.072995055135441,-0.13011336773606663,1.083015097383692,33.0
2025-01-17,-0.270524107163556,0.9253926908122235,-0.16240841771016604,0.9179962238363735,32.0
2025-01-18,-0.28218791822530664,1.1122901703838577,0.24164599351527893,0.791136052093986,16.0
2025-01-19,-0.09666393679883092,0.3518528235386883,0.3760532342952453,0.15425867200794546,2.0
2025-01-20,0.23120912036872016,0.4517220026537963,0.883145563408233,0.6522950472075191,5.0
2025-01-21,0.014565833444254812,0.5425063860064397,-0.5424423882376878,0.9549400846661119,13.0
2025-01-22,0.03598396156692622,0.8055045665984447,-0.01845201991423093,0.9239640667632605,21.0
2025-01-23,0.14500527437214455,1.1298373565806854,-0.07978707351918035,1.0342782514275721,56.0
2025-01-24,-0.06909892681784816,1.1603127834286011,-0.2707055432785805,1.0953362854781639,84.0
2025-01-25,-0.16271390537518335,1.0884723222552248,-0.23175363828067816,0.9795629665761881,31.0
2025-01-26,0.30784960468070854,0.8549980867080327,0.19497047627133188,0.8831603024380287,11.0
2025-01-27,0.060711321195003956,1.0821922848796315,0.1196385988293116,0.9409535769765225,33.0
2025-01-28,0.07512881397542226,0.7638503356126887,0.2348054048870317,0.8975925101686519,39.0
2025-01-29,0.19468331865478225,0.7389484245773953,0.053372798457847724,1.0477026658514232,43.0
2025-01-30,-0.10679806834481118,1.052159367186746,0.20987645088291695,0.9130012957554154,28.0
2025-01-31,0.06288851625266895,0.9980279804401582,0.1727027653003389,0.909990779589216,35.0
2025-02-01,-0.1747840056765672,0.7812542795114541,0.10305024079966874,0.9498423368241167,11.0
2025-02-03,-0.12393409847995082,0.7600541672200959,0.1460267489958281,0.9548546445610759,21.0
2025-02-04,-0.07236754365053745,0.8347445544496661,-0.1318273450292096,0.9253327134657924,24.0
2025-02-05,0.09808261992297843,1.0240817310783497,0.20480751163569308,1.0574495087311182,26.0
2025-02-06,-0.1634400731910595,1.221179630065132,0.03606731034069352,0.6167767488589562,25.0
2025-02-07,0.24968074915551983,1.0305201709118983,0.15447707654664955,0.9087058961284563,29.0
2025-02-08,-0.618281417707867,0.19601839574477575,0.6699858218421605,1.4729648875294166,3.0
2025-02-09,0.2732864938091543,0.44388427084581816,-0.5666256758303863,0.8437953004258344,6.0
2025-02-10,0.0719469687806493,0.9592228701422293,0.06698315142566154,0.8556956184670839,28.0
2025-02-11,0.34761926548474525,1.237693189414887,0.2563416266637936,1.014698384882425,15.0
2025-02-12,-0.22270332817655827,0.6243554835598258,-0.10543001168460903,0.9369131501296356,22.0
2025-02-13,0.10065117261181113,0.955966192211484,0.03554947546572373,0.7767618225766056,23.0
2025-02-14,-0.04387390716106207,0.8298974074642848,-0.02209670406325272,0.7489437329328694,24.0
2025-02-15,0.0004905216886606131,0.7294305272401547,-0.6238737405550542,0.7286795908946779,6.0
2025-02-16,0.6272947938891034,0.8218530489458636,-0.19144453667184497,1.4191411596478458,8.0
2025-02-17,0.08967176004362583,0.8800621800816902,0.15828970826327304,0.6594007224935728,10.0
2025-02-18,-0.1952397533234884,1.1483684257110833,-0.16484494429164395,1.479147056710563,17.0
2025-02-19,0.5031476596152817,0.9690783617138392,0.08511173011561811,0.3653078027884356,3.0
2025-02-20,-0.882508799848296,0.9728789278725922,-0.2289196627115356,1.8234144946037694,3.0
2025-02-21,-0.17421677046992207,1.2252331911299903,0.49529865711781534,0.9000124999794763,13.0
2025-02-22,-0.8686088744850068,1.0495688648663464,0.4455045737595659,0.3673768225635258,8.0
2025-02-23,-1.3720029388919213,0.8946045589109488,0.6104165972547838,1.4582956827100853,8.0
2025-02-24,-0.31457530949021745,0.9268628048056305,0.07091611836158505,0.9667684081117842,10.0
2025-02-25,0.29168088229388095,1.1828111092526468,0.3980964635370564,0.9091710657065629,9.0
2025-02-26,0.5123733073864547,1.2295901688302973,-0.03312158857522475,1.0746558317915922,14.0
2025-02-27,0.00951647845710908,0.7576403834238563,-0.11721082535134261,0.7213288307039517,18.0
2025-02-28,0.19599059694820906,1.3709951821022763,0.28178931739708474,1.0863258003398146,14.0
2025-03-01,0.38516182999403586,1.080995598661103,-0.1286374993738545,1.027562753815931,13.0
2025-03-02,-0.4811820058398118,1.1488278271412955,0.002893827235821504,1.1996590548751656,22.0
2025-03-03,-0.0462364858995544,1.0119029809301157,0.13960076198681856,0.7298489668465515,31.0
2025-03-04,-0.7307248433168184,1.1398735475141193,0.0074269209473180236,1.0296577450141386,18.0
2025-03-05,0.11061712097445216,1.2618673470360176,-0.13005518525454468,0.7931213078701715,20.0
2025-03-06,0.23496958161222217,0.869870726434537,0.4242882279690712,0.7710675096707129,16.0
2025-03-07,0.027607069932106963,0.8898155068713037,0.10976731241688219,0.7172467143781448,15.0
2025-03-08,0.38004231353421425,0.40395041413120464,0.20191419972204913,0.8810738325456338,4.0
2025-03-09,0.048050574196322214,0.7215746922625675,0.13589355348967472,0.8536613710002005,12.0
2025-03-10,0.2674993646343269,0.8004482893143213,0.11557606796344583,1.2279144551978385,4.0
2025-03-11,0.34304851050662855,1.1245670219263966,-0.30684621470254086,0.9233738547365057,6.0
2025-03-12,-0.42547714811879916,1.8232999425852783,0.3937409431688596,1.3060886414603108,9.0
2025-03-13,-0.23015210279066717,1.1375847328764177,-0.07316058110195792,1.0626643527416362,10.0
2025-03-14,0.4503688178485389,0.6031425200149938,0.388909562168899,1.0993826352439724,22.0
2025-03-15,-0.06853148294467029,0.6469261467301715,0.16663308317319797,0.8308192604580812,27.0
2025-03-16,-0.36223986785500073,0.965666715324561,0.06490387918693864,1.1492091387050258,11.0
2025-03-17,-0.3538074028406991,1.2517458003428923,0.197077962174759,0.8540893587999466,17.0
2025-03-18,-0.45337342620377735,0.7974652560746945,-0.1704120241494084,0.5889750876956916,10.0
2025-03-19,0.5188779422954355,0.979003957452413,0.09678450497239144,0.5698107831509995,8.0
2025-03-20,0.3334424489522626,0.8368102577679865,-0.23894767760204094,0.3624597152028499,10.0
2025-03-21,-0.052842532775306,0.431731218004145,-0.36944718157319567,0.9858644318954553,10.0
2025-03-22,0.2515769426173035,0.8711827970300251,0.13295469063172727,1.149487161980144,4.0
2025-03-23,-0.1333286797046296,1.0834419583221744,-0.4518318646514451,0.9360596020012701,15.0
2025-03-24,-0.06610911065012949,0.6529349257466343,-0.3496695668911196,0.7818662522207023,15.0
2025-03-25,-0.08992003397040468,0.6260947396113767,-0.20830196840394488,0.9364565302690615,21.0
2025-03-26,-0.31628322197254655,0.8784454019941832,0.10407874371576292,0.8010753294029649,52.0
2025-03-27,0.04574243055731727,1.1822593043988967,0.05800990704878808,1.0201659494190607,35.0
2025-03-28,-0.4568921601089319,1.625267185346043,0.6066445823235973,1.2510197360008173,40.0
2025-03-29,0.17127405097003598,0.7194780985020737,0.15447202732485787,0.7342299309365043,7.0
2025-03-30,-0.7347651888318173,1.040226534400191,0.5980497749974844,0.9325189116528709,8.0
2025-03-31,0.3019724141016593,0.7006699316673499,0.028555928529232097,1.3352771692292638,9.0
2025-04-01,0.08496894604204115,1.3961762147811403,0.2256013938316028,1.2173078344641786,12.0
2025-04-02,0.7153464643091755,0.7665567815889714,0.05953936621023373,0.8145201813949368,9.0
2025-04-03,-0.32044950028213726,0.5641212753613741,0.00447515974017578,1.0111894174626033,11.0
2025-04-04,0.5237440882365916,0.6348153651036715,-0.133290592841418,0.7477724005185983,16.0
2025-04-05,0.41695740790847485,0.41254868667950856,-0.49487762780486755,0.8718427113576982,8.0
2025-04-06,0.4250449692904089,0.7352243550249028,0.5047287376483399,0.7057096579947264,9.0
2025-04-07,-0.07945069883889633,0.5257635521273474,0.04617458204244818,1.359012349432401,8.0
2025-04-08,0.318285884997853,0.6881900900956046,-0.32348082336833267,0.814760487971931,12.0
2025-04-09,-0.6693162718400184,1.7991032806789482,0.7169137120894964,1.1152866115329025,8.0
2025-04-10,0.10972884023254127,0.9327376727005691,0.8424713775007363,0.8978248061696997,6.0
2025-04-11,0.15454902968656636,1.0643307431425877,-0.03467587263025004,0.8670270359076928,15.0
2025-04-12,-0.02438111165354126,0.7283393167975156,0.7026046194408304,1.3614865954392512,2.0
2025-04-13,0.16552853494439704,0.8530522949005866,-0.16831445961199723,1.153424064854473,6.0
2025-04-14,0.3627966903525838,1.2268474957312392,0.4030219377528613,0.8792137254536136,7.0
2025-04-15,0.1326330406777802,0.8374161832062982,-0.1284655399351749,1.349214931483476,7.0
2025-04-16,-0.07644877123167255,1.002243446420025,-0.2725947720763884,0.6766532598887838,12.0
2025-04-17,-0.3111463113378015,0.8608036611373726,-0.4575334812089886,1.0200557209364605,12.0
2025-04-18,0.10231496544783056,0.6581041152689607,0.47508648682387705,0.5375064144704611,5.0
2025-04-19,0.4890727136130401,0.6614052785182731,-0.9632655302776731,0.6181551852934477,5.0
2025-04-21,0.2532151783746022,0.21665064282921118,0.12929386117140385,0.4757720068503831,2.0
2025-04-22,0.346557390766564,0.9575811004914949,-0.016181866446987044,0.9055053110089547,8.0
2025-04-23,0.18171904124067434,0.5866213267123563,0.0731929292519485,0.47815346834405886,54.0
2025-04-24,0.047130827279862654,0.8467308740771539,0.10021353273206487,0.7227210837959711,40.0
2025-04-25,0.022473509563423904,0.7254049086849252,0.13014248624568417,0.8745408960677479,29.0
2025-04-26,1.1430296929191146,0.5279237722709221,0.8644884248541339,1.3672813101271368,2.0
2025-04-27,-0.682546221326608,1.0,0.9328445934571356,1.0,1.0
2025-04-28,0.35380535442144884,0.39840412856504587,0.02249268282533823,0.6444726594554777,5.0
2025-04-29,-0.20277737017484204,0.5203187032662925,-0.48808049884837373,0.3392531156801429,8.0
2025-04-30,-0.464755001101619,1.1289459347986797,-0.11394938962092738,1.317682340877304,18.0
2025-05-01,-0.12876867390810454,0.8077302622841692,-0.16823375724347756,0.7513463468810752,22.0
2025-05-02,0.005119053965320594,0.7779229321665144,0.10104690958505322,1.134041547264727,21.0
2025-05-03,-0.5180831393114588,0.5862860145381396,-0.21015160892980578,1.0085608055199082,11.0
2025-05-04,-0.45107727185546337,0.3617504231734201,-0.12819730869109905,0.936763565593066,5.0
2025-05-05,0.009397498353520294,0.5429761738602228,-0.23807898420482568,0.66139054264432,18.0
2025-05-06,-0.10392806187300314,0.44835911791324123,-0.23866280607657822,0.8202768473463693,7.0
2025-05-07,0.04576492053554428,1.2594878811089163,-0.0468468933297452,1.1430779650354481,14.0
2025-05-08,-0.4348587723969353,1.0957537952535736,-0.23218031774292539,0.433078730191929,14.0
2025-05-09,-0.4531003788503571,1.1513716067965911,0.11084624770336145,1.1993998464438667,10.0
2025-05-10,-0.5325040192932173,1.3678684147509277,-0.07520154045971672,0.8745272690074103,10.0
2025-05-11,0.15918454534074825,0.3367636480226176,0.6341551791654992,2.039793402320142,3.0
2025-05-12,0.21156090838194583,0.5617472442610867,0.07065432656948277,0.992065749344221,11.0
2025-05-13,-0.10678279604796743,0.6908123428276126,0.11680001807635935,1.7037269867116203,12.0
2025-05-14,-0.3298240081965151,0.8982731743471509,0.1697749006411678,1.123164343612518,8.0
2025-05-15,-0.059022648235485864,0.5643645253356132,-0.4252669501743217,1.4704292969894632,8.0
2025-05-16,-0.2153067401113847,0.7096809467904058,-0.20417609606044576,1.1082949917506182,8.0
2025-05-17,-0.25081702619887675,1.077004458950371,0.03833687713091038,0.9686906299410153,11.0
2025-05-18,1.2023729836060337,0.18783063139469508,0.3573490529606233,0.5080863518936369,3.0
2025-05-19,-0.3657206725777478,0.8297667951392105,-1.0079630975053437,0.5255005955710632,3.0
2025-05-20,-0.36543712935049905,0.49570812185532914,-0.6422883349089997,0.8071460782999123,14.0
2025-05-21,0.49602843286392395,0.8904037296815276,0.08943870897200619,0.9976503963721274,8.0
2025-05-22,0.6762558811999883,0.5916357897829706,0.16646432258414276,1.152416686647511,5.0
2025-05-23,0.20459066479384613,0.4798086639837252,0.4221806818337258,0.28615185225294854,4.0
2025-05-24,0.6408329663114496,1.1333946722762944,-0.42509226153428487,0.9404282129316328,6.0
2025-05-25,0.20752962828236643,1.065548868662123,0.1801889062752067,0.5668164829368014,4.0
2025-05-26,0.22193798731915468,0.6123269049704071,-0.055263969916208855,0.9753374951756792,6.0
2025-05-27,0.01123685090342855,1.3427553952238418,0.3065694864547404,1.2946477560168048,16.0
2025-05-28,0.12918627451042886,0.8002136499966521,-0.1820892159402598,1.5864524594901341,8.0
2025-05-29,-0.035930282936791576,0.9080306245783192,-0.11218109302304725,0.9030681112963921,27.0
2025-05-30,-0.16459828434103405,0.8637788427866795,0.042050062742554684,1.0192763201448163,45.0
2025-05-31,0.3128948259809623,0.6631262523217142,-0.01727303036210551,0.7556236210745546,14.0
2025-06-01,0.2371963104026481,1.18347369644175,0.28613289886358567,0.9628149475334177,24.0
2025-06-02,-0.017351579193818262,1.3707670248597787,0.30802538501662735,0.9185200868533807,23.0
2025-06-03,0.045743329662918136,0.9505923835247088,0.08700503328460357,0.8758962336473599,34.0
2025-06-04,-0.3680215954728847,1.0665313353890316,0.06607832543015876,0.7355552632075627,35.0
2025-06-05,-0.22875750632196898,0.9254842634805285,0.43459009633317036,0.9636987289906647,27.0
2025-06-06,-0.4032906932870555,1.1769924278003212,0.054998705344585765,1.1151287128472136,25.0
2025-06-07,0.5163104657441488,0.7471995911904654,-0.5440133869453985,1.2262836240719412,11.0
2025-06-08,-0.1595436616823717,0.9247193747689324,0.31300731017838657,1.6982894671786062,6.0
2025-06-09,-0.12314354822913753,0.7765635342349901,-0.05372658601738904,0.884606349028809,21.0
2025-06-10,-0.10067913896683474,0.7929874182884802,-0.11884980816190352,0.923511829399401,17.0
2025-06-11,-0.005592013547972267,0.8738122256571714,0.047357662060959836,1.142519438246288,18.0
2025-06-12,0.27048750912035036,0.735493033045772,-0.18289918176322031,0.8338973763296419,22.0
2025-06-13,-0.7557372747424846,1.3333606083096046,-0.43343600852660374,0.9951833086980464,12.0
2025-06-14,0.5319015801765044,0.6108010722959832,0.974481289770079,0.24675380637319558,2.0
2025-06-15,0.05939228184777614,0.8332084597436362,0.04352574430986474,0.6607340368558802,5.0
2025-06-16,-0.28821060869732845,0.6308414500860697,-0.41413986420539134,1.323638988756034,6.0
2025-06-17,0.35241568377347404,1.339132930546128,0.5663630963358981,0.7767249457768741,11.0
2025-06-18,0.3278334747235528,0.6167122128323752,0.11554660755136466,1.0031225191755062,10.0
2025-06-19,0.044920334033586265,0.6284180482249555,0.05025940329349479,0.5161650611540433,9.0
2025-06-20,-0.02712020586848012,1.358263878927127,0.22160424095392353,0.5928989988450005,10.0
2025-06-21,0.003396472593956993,1.0,1.1419487285980956,1.0,1.0
2025-06-22,0.5939194689852667,0.695499923940801,-0.3271827958740128,1.3078649144620529,4.0
2025-06-23,0.024920523490682613,0.540573182802506,0.03198458635417466,0.5132715449506752,10.0
2025-06-24,0.07216740854782604,0.6445783696790076,-0.40214887494262347,0.6328763434302167,15.0
2025-06-25,-0.02610254799869076,1.047923866340414,0.2182998369102812,0.9534751434100946,13.0
2025-06-26,-0.28286853866748335,1.27279384887929,-0.18216157968479074,0.6785204572922412,18.0
2025-06-27,0.3706271329747141,0.578815132823892,0.09530395588879544,1.1608432230214571,7.0
2025-06-28,-0.059532636529766925,0.5901464397459388,-1.1051537470697832,0.10730823454276606,2.0
2025-06-29,0.34567310763701287,0.3720715137794564,-0.5047296794838334,0.688116183041024,9.0
2025-06-30,0.22825607682720048,0.6910297069785339,-0.5206241331775491,0.7885065516769529,37.0
2025-07-01,0.3026084435819601,0.3872706710344709,-0.4719046593518057,0.651609153948237,9.0
2025-07-02,0.0062686741972352664,0.8596477248259361,-0.14847843050384768,0.8941882189484872,25.0
2025-07-03,0.2758259654509407,0.5135119679754158,-0.18773896548570904,0.8619148146503863,23.0
2025-07-04,0.21994819657232373,0.599528038243933,0.12526985367009066,1.0312259735965452,20.0
2025-07-05,-0.2098468514725927,0.6556834247352475,-0.7282622642478784,0.7520945444608793,4.0
2025-07-06,0.8283429101003836,0.920799535245793,-0.18540770525483855,0.9852012345434236,5.0
2025-07-07,-0.22625740846549955,0.962564887674761,0.36502278755565165,1.0381322376584325,13.0
2025-07-08,0.03893581002884251,0.7280834732074959,-0.5837648505155225,0.7358342298405365,14.0
2025-07-09,0.08764870976506109,0.918530198004831,-0.22640067829254557,0.8280457540726958,19.0
2025-07-10,-0.09024502250741004,0.5522685750405061,-0.11542851865533357,1.147990037054928,13.0
2025-07-11,-0.10995009707587834,0.8078219158666474,0.10277120339290179,0.9594909404265874,24.0
2025-07-12,0.10057744101994008,0.8278328735499991,0.20146712915891823,0.8899976386418338,20.0
2025-07-13,0.5322884748765981,0.8827727437646107,0.6306360286240401,0.7471261308433695,26.0
2025-07-14,0.3609772230177332,0.8638668324419897,0.2881932825783375,0.8530732527645545,40.0
2025-07-15,0.41846433108884623,1.0120076350030769,0.10387817033265366,0.9580609450248739,32.0
2025-07-16,0.41893041995192937,0.5888866504183119,0.13707737167242778,0.8396520893057715,13.0
2025-07-17,0.33257437981903665,1.0037233970192971,-0.016117113311326432,0.8279341870203413,16.0
2025-07-18,-0.2868872096805611,1.0841437851979447,0.3578588673102507,1.1589808667908128,14.0
2025-07-19,-0.012088731377541295,0.6061562578858786,-0.33998427332456693,1.1193669503788501,9.0
2025-07-20,0.008258489432523152,1.1146319175686354,0.35610306221484356,1.0283923706341878,19.0
2025-07-21,0.125401717533164,0.5122510554179592,-0.33754294506002847,0.880484418725785,17.0
2025-07-22,-0.0354904873108102,1.3082683757791138,0.07089139539736855,1.1144618987713364,19.0
2025-07-23,0.1311423903786088,0.8055468565497448,-0.2163281197471087,0.7920232466434197,20.0
2025-07-24,-0.14288402480152207,0.7799640519744223,-0.0811221319660358,0.8318868212007935,35.0
2025-07-25,0.6647100402600721,0.7347874558669368,0.38109615326865137,0.546952054027856,14.0
2025-07-26,-0.12551893147489726,0.623248121391618,0.14296939479255383,0.882081097742124,8.0
2025-07-27,-0.25511098592029574,0.7645293307716852,-0.4065211921040145,0.8905165962981286,15.0
2025-07-28,0.2546864528884509,0.9325085391959672,-0.27319277448638757,0.9321404897602545,17.0
2025-07-29,0.21370059024328036,1.4485167456954404,0.37595815843555974,1.2292226822706478,18.0
2025-07-30,-0.14691690313775324,1.2508771711132485,0.5683459710397887,1.1034703456341226,13.0
2025-07-31,0.12873539019893424,0.9598828888520261,0.04397033905769925,0.745941300417654,25.0
2025-08-01,0.6165500021519044,0.8271898757173551,0.30473589031130893,1.2274136866637726,15.0
2025-08-02,-0.00837900932976436,0.734172063189916,0.07801591863125748,1.0778590492161628,13.0
2025-08-03,-0.27702966135844265,1.6719576533640463,0.19521085603154406,0.7370250729842969,7.0
2025-08-04,0.36949273655895754,1.203197461807328,0.7710776486638269,1.3242185552478878,14.0
2025-08-05,0.10396455686914272,0.6131285795187096,-0.1716890961984663,0.6216612821215312,20.0
2025-08-06,0.07070004361575428,0.6067119195248551,-0.20836656310358795,0.8423040268095288,35.0
2025-08-07,0.14750387170198778,0.9779184107301558,-0.13739468227397525,0.9632216544748421,22.0
2025-08-08,0.04555521161659037,0.8955461404019169,-0.01656403731824322,0.7419945155661054,22.0
2025-08-09,0.18403988219330583,0.7853237130971925,0.11413575946457828,0.9134108008671336,15.0
2025-08-10,0.153044698486863,1.398654855850133,0.2309118827899607,0.487031138113035,13.0
2025-08-11,0.26952219728161475,0.6933340190679363,-0.5735503508056062,1.142631307025133,14.0
2025-08-12,-0.18529705318228926,0.7647359247862523,-0.22716945094414898,1.1513764620742957,35.0
2025-08-13,-0.15567989395897722,0.9362909271383666,-0.04572864973204582,0.7646793497698837,15.0
2025-08-14,-0.01350221978621819,0.8250407440098224,-0.2877612752178513,0.9238858262005335,45.0
2025-08-15,0.08195808394001058,0.67981321868701,0.09751124768785367,1.0878822886193544,25.0
2025-08-16,0.05247384165086624,0.7446206564664606,-0.47519054146500805,0.7950988519034767,8.0
2025-08-17,0.36929257583001723,0.9600784823131414,0.1413009156936598,0.4638394343538324,12.0
2025-08-18,-0.06895984434900476,0.8773365744317551,-0.16198817039307195,0.8607779313400874,30.0
2025-08-19,-0.19069235274851515,0.9062709945287412,0.2732925172115037,0.7567636784754311,22.0
2025-08-20,-0.25287824764179945,0.9481281679531486,0.05384354919005707,1.0872631242650055,27.0
2025-08-21,0.2669601923772252,0.8135055453117792,-0.13951818200386978,0.8377624338610757,19.0
2025-08-22,-0.477183595740262,0.8837627144749522,0.1907785208489056,1.197599875290692,23.0
2025-08-23,-0.2764867957160218,0.8117592632600884,-0.6356644907236133,0.8950436445212034,8.0
2025-08-24,0.6173757736080743,0.8993731648363369,0.4401202623559409,0.7505916284266959,13.0
2025-08-25,0.09575995896149446,0.7904623208039793,0.12027324916653633,1.1172788056429213,12.0
2025-08-26,-0.09910611244450887,0.6413748779013878,-0.3071439306069089,1.1861128701294723,10.0
2025-08-27,0.3534700101754981,0.8324262846582947,0.2664140568318888,0.8051210421015033,15.0
2025-08-28,0.03813661005241003,0.8216647998923784,0.42165823520864637,0.7565580800341568,29.0
2025-08-29,-0.0821521992222559,0.9432584970387383,-0.05867046559195815,1.0121864953129547,22.0
2025-08-30,-0.49946961304293325,1.6950794670891098,0.6320688284853129,0.9798392881982867,9.0
2025-08-31,-0.11728546972840194,0.7650345032865854,0.31125875108407486,0.7028042868361293,11.0
2025-09-01,-0.2832617366458231,0.8525333217098329,-0.06333318133810835,0.9471412449800287,12.0
2025-09-02,0.2959110551533874,0.334820961105058,-0.058088025115614214,0.6956638655349163,10.0
2025-09-03,-0.448064277005435,0.8492898850919518,-1.0436973021009377,1.2749501829870236,23.0
2025-09-04,-0.08232719553570478,0.6393354581985249,0.527375518012353,0.9772473394224795,18.0
2025-09-05,0.32780619057909177,1.2363157019228634,-0.04631493826365505,1.1392347008065375,20.0
2025-09-06,-0.391144890786529,1.356849552623415,0.596338883203244,1.132177979137566,7.0
2025-09-07,0.24853073329666264,0.8091894406161847,-0.46672824045727335,1.0278978486238985,7.0
2025-09-08,0.20779176401269095,1.108328080586314,0.4006409073076971,1.3203507910809664,10.0
2025-09-09,0.5076532460526711,1.3025430460995706,0.5249136429481952,1.3423940900535392,12.0
2025-09-10,0.026783922714947745,0.6641437006486245,-0.15373899623671658,1.3322133651869457,17.0
2025-09-11,0.4376854584313716,0.7722501095446226,-0.11129276490165851,0.6132575722326435,7.0
2025-09-12,0.0038001348573581508,0.46977004183208915,-0.4454619747292261,0.8253820495754496,5.0
2025-09-13,-0.024326962462385554,1.161458229846636,-0.027080075808186305,0.4809549285781295,4.0
2025-09-14,0.02288865704607938,0.6258974304401095,0.2909011130159046,0.37358697620598913,3.0
2025-09-15,-0.03219235656142582,0.4916585231392235,0.30743733596324013,1.1353334510235789,9.0
2025-09-16,0.20328114604456168,0.6362893664575558,-0.26567923511261743,0.4421673702605702,6.0
2025-09-17,-0.4741548258221558,0.7983514291256173,-0.25451097502442155,1.2635891293158985,10.0
2025-09-18,0.17823469440652512,0.7332325644464391,0.05715957571399345,0.7474668710906772,13.0
2025-09-19,0.14663158084085626,0.9103929239177767,-0.46096915191700377,1.007705125382615,14.0
2025-09-20,-0.08364165212174343,0.6783570650299445,0.08676659199787781,0.748518842189207,7.0
2025-09-21,0.25722930087746904,1.5890584478624246,-0.03716027071123201,0.9424273002339564,6.0
2025-09-22,0.17167203563062478,0.4370060023589688,0.11554650033907572,0.8834731321291924,9.0
2025-09-23,0.3149397334508678,0.7708967024070774,0.31394744154735926,1.240212726761865,9.0
2025-09-24,0.14709371129262944,1.0046789375162444,0.03551367426439885,0.7904138632331291,13.0
2025-09-25,-0.06308920028350322,0.8322724597059761,-0.24629105175445698,1.1816679848529215,9.0
2025-09-26,-0.3910686704906305,0.7392769059529584,-0.2756718433422599,0.7782869651582702,9.0
2025-09-27,-0.2037177663421022,1.4400296724436374,0.44135794939150697,1.2701822780120997,4.0
2025-09-29,0.43881455792453894,1.239993886878705,0.48498507581386235,1.1400785353950587,14.0
2025-09-30,0.18962317247317315,0.7272988748627759,-0.1455251026736162,1.446211393879713,7.0
2025-10-01,0.050762969891161865,0.7673467674895642,-0.14161921626027102,1.089441598420772,9.0
2025-10-02,0.798014096922147,0.8558548445821202,0.17721837471717494,0.7027940777395357,14.0
2025-10-03,0.5317752640503489,0.9737132747044858,1.0101764292250095,1.2649446945684075,8.0
2025-10-04,-0.261088738589519,1.2498563210893545,0.21211648352526344,0.46334300218921765,3.0
2025-10-05,0.329859689753017,1.4019262172660625,-0.009992218352891704,1.0948020722038065,7.0
2025-10-06,0.8346670845509168,0.7836948914922643,0.1030793474262954,0.8601138653568592,7.0
2025-10-07,0.05560406153276399,0.7096217592414861,-0.34690596772598337,1.13814665949239,6.0
2025-10-08,-0.056269134929763154,0.7186049283925544,-0.035728549469799836,0.871928021000467,15.0
2025-10-09,-0.1506881669179148,0.8067573038207584,-0.05878397663056442,0.6762948914501098,13.0
2025-10-10,-0.641667734848588,1.009576309071328,-0.23490650447921518,0.8513514869796105,5.0
2025-10-11,-0.4935043830384731,1.6478770643811578,0.1463487978883471,1.187582725531707,4.0
2025-10-12,0.4684769566805076,0.6204345921989921,-0.17765269282522544,1.2914653000100795,3.0
2025-10-13,0.18189023826189624,0.36886754487331663,-0.05650543353675579,0.6903862158957652,7.0
2025-10-14,-0.3253672836156157,0.7414647543361544,0.16008741755235148,1.0960977868608448,15.0
2025-10-15,0.1852024867319821,0.9820178604725007,0.052261194102629076,0.7095570335439639,12.0
2025-10-16,0.13730152559482364,1.190952464855068,0.520802978119182,0.6971394527022394,9.0
2025-10-17,0.23722816638793698,0.7060768461898732,0.2822805754689601,0.8645880368065827,8.0
2025-10-18,-0.2641638681510907,0.9730032027843246,-0.3154313968352957,0.6306395177606611,6.0
2025-10-19,0.240308499222167,0.7169711553863384,-0.2666692878943576,0.47140822776678226,2.0
2025-10-20,-0.04644898437588884,0.4396357807467871,-0.3446658198499682,1.1168979844151399,9.0
2025-10-21,-0.13538083152508107,0.5676208731542428,0.3624800561376785,0.5304039869177596,4.0
2025-10-22,-0.3524170545082888,0.918658099813838,0.4814988561794682,1.1422309312489973,12.0
2025-10-23,0.4705499109030152,0.38821867337038396,-0.24769441514180537,0.8076718202991694,6.0
2025-10-24,0.055673526115703524,0.22819341414949715,-0.23180880081710797,0.5953856314886106,6.0
2025-10-25,-0.8532004647776993,2.1302212012966977,-0.21402025799114896,1.7535346241473526,7.0
2025-10-26,-1.3379954121216107,0.4515711392951507,1.2680417992644157,0.12379144474196313,2.0
2025-10-27,-0.09359639858211878,0.6206825115833589,-0.4305066081585382,0.41049912289840723,3.0
2025-10-28,0.03169537562205542,1.3351317284669624,-0.07673860284955873,1.0235751227440764,10.0
2025-10-29,0.36274159810434214,1.0777829340618665,-0.1791309864778832,0.788433414356567,17.0
2025-10-30,0.45525118943612525,0.8632188323094584,-0.08951161569793609,0.9359481236544115,11.0
2025-10-31,0.047856997261910755,0.6807973833605119,0.16676152511943668,0.5696993315781793,9.0
2025-11-01,-0.01986113096175801,1.3434898511486388,0.29937883996883957,0.539593350621209,6.0
2025-11-02,-0.46403971047838605,0.8258954015215051,0.05653189789999152,0.9456827273741338,4.0
2025-11-03,-0.18331615274950205,0.9059444651919316,-0.7337543019978054,0.8298693735545222,9.0
2025-11-04,0.4001402633912578,0.63402894090476,0.4239280078985175,0.42163124503130556,6.0
2025-11-05,-0.5610959904998448,0.30736259098753127,0.4199084420729229,0.7712123742467861,2.0
2025-11-06,0.2648640291950296,0.9234028818504154,0.03181861322038801,0.6712368732627774,9.0
2025-11-07,0.9423124413800135,1.1445534932535735,0.1481305775910393,0.4725785915882804,10.0
2025-11-08,-0.3567116994448059,0.6904628326333664,-0.48276094711901446,1.252795322059461,3.0
2025-11-09,0.26928748401096897,0.3492194894708964,-0.42667291465123586,1.1337233857848503,5.0
2025-11-10,0.32565700181112855,0.5956476565217281,-0.1810369419269523,0.6623705824871338,6.0
2025-11-11,0.7035866288721773,0.9297886893934246,0.27951912518393496,0.6755919089583442,10.0
2025-11-12,0.4610201036563296,1.0453739301088907,-0.13372824292972788,0.749317532477762,10.0
2025-11-13,-0.12305951329980204,1.9333501566282474,0.40925589491401526,1.5886553635670508,6.0
2025-11-14,-0.3725693161576438,0.9349771591141117,0.14082089642325535,0.6960903745656825,9.0
2025-11-15,-0.21792523357793606,0.9463419379663672,-0.02060092068814538,0.6568032801772518,3.0
2025-11-16,-0.5147103494080951,0.5940385357023376,0.6474771943466893,0.3873517745238898,4.0
2025-11-17,-0.38693046023487343,0.6489082691959591,-0.2766206103271632,0.8292187275681486,5.0
2025-11-18,-0.5495469776690382,0.7930164342884122,-0.48471814097913074,0.8392859810036739,10.0
2025-11-19,-0.6770733341298165,1.2159314120151754,0.20571870638383521,0.37563077657053834,5.0
2025-11-20,-1.5005216710958857,2.148616874427229,0.5168389302780982,1.6209109863166349,8.0
2025-11-21,-0.4739566565303931,0.48215880348157797,-0.6243075214677807,0.27035560528798647,7.0
2025-11-22,-0.2937598873381961,0.35256216362617004,-0.9323459383939434,0.45607859470055817,2.0
2025-11-23,2.6046110861149687,1.0,1.0476271202348884,1.0,1.0
2025-11-24,0.4184494344565662,1.0,-0.8336819946698729,1.0,1.0
2025-11-25,-0.5451416125988637,0.4512306670210796,-0.154337874826518,1.5692705422336501,5.0
2025-11-27,0.521189518155013,0.5742789301678285,0.347803021041378,0.6215984159294627,6.0
2025-11-28,-0.10026620744074832,1.3037981791219277,0.6902817940521856,0.48203004471524125,6.0
2025-11-29,0.5126980331753255,0.41874488346333794,-0.9521464766616488,0.14718921209571303,2.0
2025-11-30,-0.9851113061416293,1.0,-0.5716807876415043,1.0,1.0
2025-12-01,0.3687339328524332,0.38054763273850784,-0.15899228925812423,1.0998529439439388,6.0
2025-12-02,-0.137817317045725,0.9623006605420136,-0.3608473140379176,0.9794431376285538,10.0
2025-12-03,1.6078765338534196,0.8496897119419999,0.6511201845351966,1.3965021013870063,3.0
2025-12-04,-0.44542960384892055,0.8439480455928566,0.3527243949317313,0.2459575635659415,6.0
2025-12-05,0.2743742503638439,0.6268161558247534,-0.5609988576871457,1.0359123745378431,6.0
2025-12-06,0.1437567869597743,0.8584570580743911,-0.1819975082145108,0.9578524904015232,10.0
2025-12-07,0.15475903064835891,1.237106668634674,0.04795301127844292,1.0688372647891504,7.0
2025-12-08,0.06674043112894892,0.7636219523275787,-0.7899831169846419,0.8413837666110515,13.0
2025-12-09,0.29112321158600485,0.7219022750549328,-0.08024703393421968,0.6943765279540811,10.0
2025-12-10,0.0865942591585664,0.7675056587990695,-0.3844660448371734,1.2366140098698293,8.0
2025-12-11,0.06981940197435166,1.1164787325949703,-0.10057744827672976,0.9137406244328578,6.0
2025-12-12,-0.29830866342637696,1.163390550449264,0.15082233628127015,0.8413331186799929,4.0
2025-12-14,0.2744244721126656,0.09134305459305807,0.11854810018392595,0.32543666248519065,2.0
2025-12-15,0.1271913896464288,0.8305898883532561,-0.06287746491345393,1.2349112238275188,7.0
2025-12-16,-0.18678097499749782,1.0232523226927492,0.018431113300460152,0.5802459277577295,15.0
2025-12-17,-0.18638521022113042,0.6257210217846165,0.17166859094960552,1.2999838269221715,8.0
2025-12-18,0.4259524913652194,0.7645520263819992,-0.25720240316479986,0.5280264281463836,8.0
2025-12-19,-0.21534166936050647,1.338688635069803,0.5585765530276385,0.20539244835167975,2.0
2025-12-20,-0.2919032922412438,1.0880510820340816,0.30971598682377244,1.2925932078616775,4.0
2025-12-21,0.13128612530594236,1.545622076049745,0.40715063833680176,0.20549240964271104,4.0
2025-12-22,-0.15204230820560796,0.7747872557228568,0.25691355464735344,0.6533253662197028,8.0
2025-12-23,-0.7450680270028783,0.8755257885092511,0.34387406781875846,0.3266805448740353,5.0
2025-12-24,-1.1837260232461693,2.1628154944486333,0.21888004886979306,1.9111234393486691,4.0
2025-12-25,-0.29133303957447426,1.4957486776394786,0.1324056967454622,1.233307300533667,8.0
2025-12-26,0.005226861381485843,0.02776921213763987,0.08809271786625017,1.6074718686195357,2.0
2025-12-27,-0.5472184275130995,0.969160152510301,0.2487827644031854,0.9470090655000951,5.0
2025-12-28,0.5755406836264091,0.8040124356912596,0.7948124042662952,0.5070867768813033,2.0
2025-12-29,0.06727008253788418,1.0356657550800752,-0.19823127808116175,1.1040190949285784,5.0
2025-12-30,-0.2325523412997349,0.2638687758637737,-0.8580090554351991,1.257286023946582,6.0
2025-12-31,0.1858741831569521,1.1242310175154864,-0.6111360681071359,1.258743593884922,8.0
2026-01-01,-0.7245290558347375,0.8582609857400507,0.2324705812060448,0.5734284640848998,4.0
2026-01-02,-0.28764299487123896,0.6164241209117975,0.548071784054518,1.0302775780576723,5.0
2026-01-03,-1.683369435409836,1.0,1.9029350141592456,1.0,1.0
2026-01-04,-0.9552120615191946,0.727027513297995,-0.5400174376931212,0.6458576361570372,6.0
2026-01-05,0.4779252682833288,1.4708713235916406,0.046828413957473634,0.7588337816152844,8.0
2026-01-06,-0.753214573123728,1.1770262061437282,0.5048082259541049,1.1603575788997382,21.0
2026-01-07,-0.2883153713950785,0.9554009369111662,-0.06145140990139782,0.8093782302163335,27.0
2026-01-08,-0.14164849555440248,1.1963287749499274,-0.059078564422372803,1.1432302613059193,18.0
2026-01-09,0.24827773140534054,1.3310355614834615,0.3662430439916078,1.0675299370774918,19.0
2026-01-10,-0.17489450308239857,0.6751233030338682,0.2813807085260378,0.8070133198365634,11.0
2026-01-11,-0.19428898720843193,0.8935925045220646,-0.06195295418498386,0.7203337097902155,25.0
2026-01-12,-0.25773974834347296,0.830757973294096,-0.07808325508552785,1.0231822101300028,15.0
2026-01-13,0.1875768378970595,1.0603531696157693,-0.1458109464361346,1.163304502891014,12.0
2026-01-14,0.06493832969994923,0.979433776121482,0.3775081209307254,0.9942900316639682,12.0
2026-01-15,-0.011437688067373442,1.5345775707897473,0.26903853178480674,0.6003897955937885,13.0
2026-01-16,0.015877054916462786,0.4904094815653562,-0.15541422997855764,0.971242137505936,5.0
2026-01-17,-0.41232173561842694,0.7242919471412876,-0.2997017516587946,0.84301560098988,6.0
2026-01-18,-0.4221132891088174,0.8657787545261266,-0.010580207333096035,0.5397844012963371,9.0
2026-01-19,0.24094829143466862,0.8462753216925907,-0.23402326421739603,0.8275552826101295,8.0
2026-01-20,0.24481514194306092,1.1204455797175634,0.12662092946243758,0.560271840548652,8.0
2026-01-21,0.7137653984646555,1.5398812539727018,0.6281943582705394,0.9165489837139562,4.0
2026-01-22,-0.551241129174006,0.816713453685427,0.04055560035245592,1.3269355237157696,4.0
2026-01-23,4.03323828095381e-05,1.0257539694332554,0.06101567720858962,0.5088980879030024,5.0
2026-01-24,0.3210833603531482,0.8638236836244604,0.12585452897632124,1.6819454837206433,6.0
2026-01-25,-0.5995256742516211,1.2600790687827088,-0.08307825591731717,1.8425115516880826,3.0
2026-01-26,-0.2305045283156996,0.38880142671737666,-0.030301861689677235,0.9988676214373213,6.0
2026-01-27,0.02453060706068358,0.6448452843343634,-0.09666076550906605,1.1892789725838357,19.0
2026-01-28,-0.012838179511821254,0.48778846418058885,-0.49550930404082033,0.8461086960046622,13.0
2026-01-29,0.24075865314871267,1.019127373959026,-0.3542496383393951,0.8644250952230919,11.0
2026-01-30,0.27498140691160117,0.6818354006347116,-0.6438942529789446,0.5644502345399428,6.0
2026-02-01,0.09874558384999697,0.7181295925433513,-0.2036048196416417,0.2412544618667801,6.0
2026-02-02,0.011607840357817426,1.0597639725684436,0.15743904479618379,1.1302422689563654,7.0
2026-02-03,0.43700224993565623,1.5037287923102276,0.10442345210332896,0.5976131364813407,4.0
2026-02-04,-0.0514421314222476,0.6814452271575884,-0.2783890469698793,0.6529714368408156,9.0
2026-02-05,0.09733930860243903,0.5451070191215606,0.12273660320046227,0.8025842091510014,9.0
2026-02-06,-0.08992671292353778,0.7049681565357571,-0.0877929605512364,1.156393763822403,8.0
2026-02-07,0.0940940194177815,0.5420163394296764,0.032062126432028215,0.6693032731860544,3.0
2026-02-08,-0.14181420807304396,0.9799076121657272,0.2779574680384371,1.1632200526456407,5.0
2026-02-09,0.2544139536778272,0.7375133156378633,-0.07848112701734072,1.7061503061677532,4.0
2026-02-10,0.20363617019454489,0.4765788140422174,-0.031001775485148285,0.5110775367361167,8.0
2026-02-11,-0.4576568628129735,0.5450787152249865,-0.012704159332447229,1.2677979353452038,8.0
2026-02-12,0.16860426376864662,0.7131659758484421,0.5169862527025755,0.5846870508254876,8.0
2026-02-13,0.057467028639673214,0.8669428358531562,-0.2508601292624151,0.9469421671105231,6.0
2026-02-14,-0.9278671957474671,1.920066426318851,0.9629276276774079,2.0661446892868516,3.0
2026-02-15,0.09786540168851833,0.8105076526170105,-0.4404501963457081,1.324944220629986,5.0
2026-02-16,-0.2774222438147696,0.5755188866270483,-0.28153771314838716,1.6778556522261259,2.0
2026-02-17,-0.28051382525388213,0.3380281048026354,-0.901914977864117,1.1175480757575367,6.0
2026-02-18,0.2584790424502465,0.8626566524337645,0.48724830930731916,0.9388305393863795,12.0
2026-02-19,0.23693247184666025,0.9877734800076916,0.4185646821743054,0.600823816592005,20.0
2026-02-20,0.5967688280093876,0.8628334840630806,-0.10483747696564547,0.6462440827492325,9.0
2026-02-21,-0.34487710863608995,0.6188430330173427,-1.466541591570012,1.0337706760551242,3.0
2026-02-22,-0.9722618148219888,0.48416495295387535,-0.2271296321873374,0.7632545767297172,2.0
2026-02-23,-0.04248024530530355,0.8666383236636198,-0.2932285522536328,0.4915432860941866,12.0
2026-02-24,-0.2528217166716977,1.0461577077880726,-0.6249492424341812,1.2332565293762936,6.0
2026-02-25,0.01773886584134392,0.9928341443618995,-0.0420667577821467,0.806507162151125,12.0
2026-02-26,0.18803712359750846,1.8116352786340935,0.8200328309821238,0.3150426000313313,4.0
2026-02-27,-0.4784340691043827,0.9331501181708419,0.06611637221812612,1.2934511868675092,7.0
2026-02-28,-0.5144276093875936,0.6616848836554202,0.005320945344717401,0.9543824663055668,8.0
2026-03-01,1.1884594835998752,1.0,0.5571626810568596,1.0,1.0
2026-03-02,0.3573811038716054,0.3921999529673729,1.1105122322565881,0.44874584923043886,4.0
2026-03-03,0.07983803490928593,0.8138355419062536,-0.4257715970048763,0.8033873122770581,8.0
2026-03-04,-0.01289064160465934,0.2957741189338793,0.4377207221641776,0.5926300880877754,3.0
2026-03-05,0.13420831518680482,0.890210070618709,-0.22033148854685838,1.0191812036427117,4.0
2026-03-06,0.309435985702574,0.8229479287897317,0.08648175725321863,0.8052052630343606,9.0
2026-03-07,2.4978374705903943,1.0,1.5794479259574101,1.0,1.0
2026-03-08,0.49063255825875923,1.0,-0.7416275165247703,1.0,1.0
2026-03-09,-0.21886935296512217,0.4040483048040118,-0.5837094854699774,0.2532721267842103,2.0
2026-03-10,-1.7469307420596982,1.0787009936035141,0.14009374000746216,1.283446014623925,2.0
2026-03-11,-0.15564661888235476,0.66525912104619,0.09469945913826437,0.3574637690333968,4.0
2026-03-12,0.02805967337170459,0.13584881996118087,-0.29197646350044193,0.579578199892645,4.0
2026-03-13,0.22245188137301608,1.2414808635912695,-0.21386920136112983,0.6353250234569181,3.0
2026-03-14,0.66692928003983,1.0,1.0414617488662072,1.0,1.0
2026-03-15,0.14873226779402826,0.18667777237814548,-0.5012469098712838,0.630661353228598,2.0
2026-03-16,0.006317977013865146,0.8918216715894443,-0.04923521688833139,1.3373953590450751,7.0
2026-03-17,-0.4606571753595474,0.7102221728903647,0.0025790539648590485,1.1203090345445,9.0
2026-03-18,-0.5662589911550615,1.0080429644050137,-0.24856457073365426,0.4944960338366428,6.0
2026-03-19,0.055181411196088145,1.318630432347602,0.15213407007753796,0.5867816708767263,5.0
2026-03-20,0.04638732419058015,0.7636310234511989,-0.02693663684940595,0.47350471433948765,3.0
2026-03-21,0.9417764751052828,1.0,0.35222810209933963,1.0,1.0
2026-03-22,-0.23666592256524152,1.0,-1.846223786867632,1.0,1.0
2026-03-23,-0.5509157256814825,0.22088750901663173,-0.47581627184437675,0.3270941751598787,2.0
2026-03-24,0.47291287436816554,2.554840040742216,0.3088336284899058,0.25564969749464084,2.0
2026-03-25,-0.10952160398987526,1.0905949818717682,0.21455857802582184,1.178136830778445,2.0
2026-03-26,0.2527067870444743,1.0261348694976606,0.3288556988374079,0.5038677795053592,6.0
2026-03-27,-0.030450475976453922,0.36230230948418707,-0.9356729348706289,0.9637966155873227,4.0
2026-03-28,-0.08949694310994233,1.1265677907370137,0.20663474337937585,0.7077743434554026,2.0
2026-03-29,0.20616837200699414,1.0,-0.34251890903233684,1.0,1.0
2026-03-30,0.420991824665518,0.8642966224717143,-0.03122147146511432,0.7184862915487585,10.0
2026-03-31,0.11300194024144773,0.49063304862071627,-0.1007520589170355,0.5430655131643877,7.0
2026-04-01,0.05500346655679274,0.8119972636024866,0.11365105824198168,0.9317587191948613,9.0
2026-04-02,0.05974371665969369,1.0679018208983415,-0.07941841603577451,0.4768528243752661,5.0
2026-04-03,-0.028768167471455636,0.3100809138842395,-1.0826154421664784,0.9705139746798908,6.0
2026-04-04,-0.25376963469820174,0.5491815698006359,-0.918969643392817,0.7107978548158969,11.0
2026-04-05,-1.2947582241239892,1.0,1.1644273388278834,1.0,1.0
2026-04-06,0.08894675599228205,0.3066535484546692,-0.08697779973176496,0.3659615294003302,8.0
2026-04-07,-0.17849368003029237,0.6970894092754469,0.07213688269760936,0.623550494531206,5.0
2026-04-08,-0.20289923982901828,0.6076379131592511,-0.23843626588580413,1.0559228375993528,9.0
2026-04-09,0.2100402117533405,1.7609782689925044,0.3998594674769085,1.024354119014708,6.0
2026-04-10,0.1288584316345306,0.9487653605251226,0.37382062767558466,0.5593927942657732,7.0
2026-04-11,0.6224202284450213,1.3787338883944489,0.5032876357564531,0.10352035874064099,3.0
2026-04-12,1.278681815397537,1.0,-0.5469437877603778,1.0,1.0
2026-04-13,-0.48503000759351034,1.0,0.16163420923836158,1.0,1.0
2026-04-14,-0.7922087509636435,1.164603483268258,0.2955847872331732,0.828183657584203,7.0
2026-04-15,0.08115213800154397,1.058005163650363,-0.14055730917671147,0.35618419528862166,3.0
2026-04-16,0.7308233540197362,0.788846667687225,0.525253042598,1.2737730190598777,5.0
2026-04-17,-1.0467857736925688,1.6043903674613684,0.3336031744530136,1.6286513675465666,5.0
2026-04-18,-0.8063501465516004,1.9153158738955274,0.05279841941835835,0.9798179998828095,7.0
2026-04-19,-0.723874450494048,1.336856105533234,0.38762829101912083,0.5875325113759118,4.0
2026-04-20,-0.008067740927053469,0.6371690204529937,-0.07061545050831594,1.0392960346792406,10.0
2026-04-21,0.08700185557034901,1.2765885103047903,-0.5275036551682047,0.6492792793660749,10.0
2026-04-22,-0.12847443707003933,0.8079047688661131,-0.3481369753882888,0.5896373571504978,17.0
2026-04-23,-0.2252493005826965,1.0526861473931552,-0.13534058808995975,0.914852932825603,15.0
2026-04-24,-0.013224162998081847,0.8683799487524398,0.20706378946964626,0.6251181901475463,18.0
2026-04-25,0.8188076829183593,0.9021789378647339,0.4843117442074012,0.8286548440248087,13.0
2026-04-26,0.3483962294956672,0.4989928284203194,-0.11646552547604426,0.8198169411097276,13.0
2026-04-27,-0.01680434436466097,0.48780218926692315,-0.23354059600527707,1.2776433757624632,9.0
2026-04-28,0.7626298037839254,0.6495834150878842,-0.4710482100115388,0.9634595024269141,5.0
2026-04-29,0.4389498793249995,0.7553870906635305,0.11375371843333378,0.9345318522687167,10.0
2026-04-30,0.4322114404850423,0.6144343950373657,-0.04254372117625733,1.030742161750843,15.0
2026-05-01,0.0020280921491762386,1.2657862832778013,0.37958094715760643,1.0247244676145875,11.0
2026-05-02,-0.3241299218565914,1.0519462844451293,-0.22267188291585727,0.820638560567961,8.0
2026-05-03,-0.30260793678020054,0.8254255260913202,-0.19682657028831788,0.8287616422691073,11.0
2026-05-04,0.16633827862275344,0.5782252327014171,0.025852327092535814,0.9185070323089028,19.0
2026-05-05,0.12767429149205659,1.3314484263857054,-0.1048427243416324,0.9103588684336658,17.0
2026-05-06,0.08086985093481533,0.7605861306446853,-0.03849264763542577,1.2099321299093617,13.0
2026-05-07,-0.34829296940673565,1.2745028949209398,0.15764564228490566,0.7654276293331184,12.0
2026-05-08,-0.7547884214955274,1.049911288660628,0.2558769394417104,0.8699530838910952,8.0
2026-05-09,0.17931372303148485,0.6084724173609372,0.39626252747229374,0.700375728946414,6.0
2026-05-10,0.3063269175638118,0.3139479570532807,-0.10814694195443982,0.8578836587247223,5.0
2026-05-11,-0.17467646543923623,0.4397525343748707,-0.3146051097583492,1.0335958956054843,9.0
2026-05-12,-0.5316254219642241,1.3048523217898174,0.5348272928413325,0.8344859319457023,12.0
2026-05-13,-0.9029713211000274,1.4206696855671235,0.0971641443402057,1.2041211365564644,8.0
2026-05-14,-0.5044944594248688,0.928486876045923,0.11662328265912529,0.7984431973898378,9.0
2026-05-15,-0.09226847090157721,0.12506504340008406,1.3085164886854597,1.6207661516995406,3.0
2026-05-16,-0.05347449165872348,0.2590718060985316,-0.2636391148945749,0.27537198819202036,2.0
2026-05-17,-0.006703942788254575,0.9692333348609696,-0.1793410070501636,0.6818736282037321,7.0
2026-05-18,-0.22050859462342182,0.9441187490065377,-0.49852348654321677,0.945844190735548,13.0
2026-05-19,0.22178561902478522,0.6382568037691495,-0.44876193765560973,0.9710608941675678,27.0
2026-05-20,-0.03693875465463885,0.6887007870035933,-0.25430059197609844,1.060477131361882,13.0
2026-05-21,0.3795116178294942,0.6998608048723802,-0.4461747537158584,0.5463855592093342,10.0
2026-05-22,-0.17147002765286745,0.6015933152163044,-0.019828914243682372,0.8941967077419567,5.0
2026-05-23,0.1958248561619653,0.9887101287737463,-0.44720698888521687,1.3253112087760275,4.0
2026-05-24,-0.5596047617557836,0.7327001717044703,0.29267280675303126,0.38255958845146726,2.0
2026-05-25,0.6414948744574449,0.747373830091033,0.20427246997980703,0.17370477142593144,4.0
2026-05-26,0.5172987755356336,0.9812518364238844,0.18546278727308121,1.2421395243520428,7.0
2026-05-27,-0.1862584265013648,1.3333512343067229,-0.14300417837564258,0.9242256633818264,3.0
2026-05-28,-0.4775916762494273,0.8881176315665555,-0.6696087456934317,0.7901684427704381,7.0
2026-05-29,-0.33779209769975027,0.8469492293583372,-0.0795198857278996,0.8156817870184646,11.0
2026-05-30,-0.470413824437633,1.7519458467504403,0.2711460494573462,1.1394049350680668,4.0
2026-06-01,-0.2052936735698459,1.2021333590741308,-0.19266170842812963,0.7275548436447127,7.0
2026-06-02,0.13401430598995945,1.2618036446232115,-0.2850428311755785,0.8890781367911671,8.0
2026-06-03,0.1433218663102327,0.5994729668800314,-0.4016757998888061,0.7622837472756716,4.0
2026-06-04,-0.14451619900779697,0.8252442439728808,-0.15369684488782406,0.4276955400814031,9.0
2026-06-05,0.4270226341111951,0.6127352232873456,0.06712536830615545,1.0060491682358217,6.0
2026-06-06,-0.2166482337812384,1.1315803526387886,0.6218282189254449,0.9443243920499593,3.0
2026-06-07,-0.4360766201259567,0.4824649936066232,0.41228315731691856,0.9805498686368996,4.0
2026-06-08,0.3345301730932375,0.8058575391715975,-0.054291559175074916,0.7708966866210737,11.0
2026-06-09,-0.4468906750724596,1.7264049138813804,-0.15893062581171438,1.6720941056858365,7.0
2026-06-10,-0.1336026357646075,1.313532748425843,-0.027613664177150592,0.6073686783346923,6.0
2026-06-11,0.35415127482956515,1.3321166383875263,0.5814494615092795,1.4151107914740986,7.0
2026-06-12,0.47856676440293044,0.34358299597652475,-0.0983155894446486,1.2179866444731,8.0
2026-06-13,0.3919394198002512,0.4069802151995877,-0.17248657148888463,0.6401492187346,5.0
2026-06-14,-0.23359177027572978,0.4801446087390909,-0.11918158454308544,0.6695870503619369,7.0
2026-06-15,-0.7562952993459432,1.716236970874766,0.9348281579901419,0.792382670246305,4.0
2026-06-16,0.05954001769572304,0.49566383997602664,0.16435433652954742,1.1172669305532072,11.0
2026-06-17,0.10749812248607413,0.6397413106967458,-0.06278690178247641,0.8898863748154591,14.0
2026-06-18,-0.22051412674524706,0.735523633706411,-0.37560477016637484,0.6353284969925128,10.0
2026-06-19,0.300674037891754,0.46739459950773216,0.2891252297386902,0.7332018812049362,3.0
2026-06-20,-0.19875173220144168,0.9521581444064392,0.38267789786219314,0.8002091150354512,7.0
2026-06-21,-0.33898734474981673,0.36345024803501474,-0.5771388043420161,0.6560808735224871,15.0
2026-06-22,-0.10601036845128084,1.161083510655491,0.46461650339552707,0.9703763601877834,8.0
2026-06-23,0.2709589933531714,0.9517058594087513,-0.29930719841730635,0.9106225911581024,9.0
2026-06-24,0.2837401061961455,0.6601815662190784,0.2179211658090464,0.8848184063616468,16.0
2026-06-25,0.1729380047130932,0.7479224349098237,0.1814867101278459,0.5865527340353603,7.0
2026-06-26,-0.5520846510099349,0.7749285191243218,0.40075256738577003,1.059700170113743,15.0
2026-06-27,0.05304234846997632,0.6373765947206416,0.21598604799870685,1.2018757607118893,13.0
2026-06-28,-0.2734856568991686,0.6009490797217878,-0.32140138186981526,0.8419899918976359,23.0
2026-06-29,0.12608137214226556,1.4772177926493957,-0.01306413179169344,0.9439514013085213,16.0
2026-06-30,-0.03481354744356749,1.2502010228148304,-0.3944131528374223,1.0559416482679336,10.0
2026-07-01,0.3514538235588643,0.9718990444028405,0.20111281366248931,1.0988104368129583,16.0
2026-07-02,0.6186825005515635,0.45195113452963254,-0.29944071588068955,0.8594901650488718,10.0
2026-07-03,0.309974500488136,0.9433174830510488,0.25983819847607104,0.5434784147042109,13.0
2026-07-04,-0.4921506347045398,0.9596484407473048,-1.2449175072948226,0.9528740195431885,4.0
2026-07-05,-0.01997188590597868,0.5738394762702701,-0.1222373296976281,1.083469714985791,11.0
2026-07-06,0.2334902008657358,0.8470102077007396,-0.3479970583973101,0.7455797213969956,11.0
2026-07-07,0.1497830066926463,0.2852623701410767,-0.2712004195607002,0.7533165395462339,7.0
2026-07-08,0.32580203128033597,1.0010417900118702,0.0653458681229265,1.030101070160801,14.0
2026-07-09,0.2915464171903742,0.5376569713030317,-0.20873938413265214,0.7715912340331883,9.0
2026-07-10,-0.45643404158981826,0.661185341271887,-0.6688989277987512,0.8394368364043934,38.0
2026-07-11,-0.41586342957625116,0.7892844091264443,-0.47643574728188454,0.8664450299033267,17.0
2026-07-12,-0.13443950110349073,1.078047499549692,-0.27607868559533516,0.6912576108601606,16.0
2026-07-13,0.2712585117035399,1.1901918554379147,-0.03969780641492745,0.8669449641431052,27.0
2026-07-14,0.026060566536661223,0.9332010558647084,-0.18533066498621426,1.024208867719681,15.0
2026-07-15,-0.10157294999366592,1.24096591248691,0.2403747639427978,0.9364098496855334,32.0
2026-07-16,-0.05977214076859368,1.103994729781498,0.2906989140637473,0.9228697461599826,48.0
2026-07-17,-0.17987249107226377,0.9038005556839892,0.5629532302700685,0.8034179386685343,74.0
2026-07-18,0.22556304840485136,1.1850711075274907,0.5554043762796794,0.8699305729699196,41.0
2026-07-19,0.12801959515429467,0.9727404887148101,0.36626236743642204,1.080594538396683,41.0
2026-07-20,0.13626225002015474,0.6407180477561071,0.508600068183626,0.91689192505335,20.0
2026-07-21,0.18372677670558274,0.6773670050757825,-0.20684045374347504,0.7782179935601826,13.0
2026-07-22,0.2543831515295446,0.8118634277888058,0.3507404080760861,0.6940114851897551,11.0
2026-07-23,0.4917006061455184,1.1581804685940367,0.13083221609843726,0.803676980726205,21.0
2026-07-24,-0.1207186880156242,0.773012313019064,-0.05144758566062986,0.8773458858950411,31.0
2026-07-25,-0.1051540434214111,0.9409276775599992,0.1230195694298917,0.8810927075873581,45.0
2026-07-26,0.16352593480679592,1.1248840314182742,0.22539632504064985,1.1544187363034306,17.0
2026-07-27,0.135715852409924,0.9149203710894379,0.5613313688688697,0.9860488208722971,36.0
2026-07-28,-0.1942115946011139,1.056318638088519,0.5306032802759598,1.0854061988708221,44.0
2026-07-29,0.2486997881011915,0.874699144771682,0.05597928319707077,1.0729860109058047,39.0
2026-07-30,-0.005408750453516301,0.8680797548704,-0.09863865531567284,0.849957977886523,69.0
2026-07-31,0.204398935715347,0.8396950536519469,-0.1630676043598557,0.7726103591878819,29.0
2026-08-01,0.040811451474755525,0.7291978135001237,0.016570216551991396,0.9838863972605214,17.0
2026-08-02,-0.0767118217163484,0.638278163826706,-0.020992592335775044,0.7267652740494085,18.0
2026-08-03,-0.07680878991535388,1.0361017834407087,0.3713258528786025,0.9772036766010417,24.0
2026-08-04,-0.18227518846664897,0.7218161430746812,-0.3573374346037955,0.9097039044712487,31.0
2026-08-05,0.12505759245315495,0.9343778469146197,-0.01318388328385722,1.2263095219228035,28.0
2026-08-06,-0.07947403190617575,0.8138523745997062,5.361903411755797e-05,0.7578292914348416,20.0
2026-08-07,0.5360427216043862,0.8073989907682684,0.03213750366471181,0.8958467674673378,14.0
2026-08-08,0.32295129411173795,0.579902057949506,-0.32342890130326907,0.7824910800788595,23.0
2026-08-09,0.3882773788776732,0.8987088986818603,0.019592486351446597,1.0921487292228957,20.0
2026-08-10,0.3513430592335893,0.7381050064025526,0.14795915899130785,0.886650633612817,12.0
2026-08-11,0.22729433880899066,0.8319915504029401,-0.3206714202789124,0.9482297199814923,16.0
2026-08-12,-0.22300248118718452,1.1986295292275506,0.23142097781603477,1.2802205846868162,16.0
2026-08-13,-0.12974757736982687,1.491710316191541,0.1217328302756069,0.7894653660560526,17.0
2026-08-14,-0.013179431930869873,1.067608904632565,0.018559887466798188,1.1381183202782215,37.0
2026-08-15,-0.10468500407852446,0.9848649673125638,-0.11773554431190235,1.0864026776110483,14.0
2026-08-16,-0.011124549045970425,0.5240071079826933,-0.2727966708219447,1.0048864868377112,17.0
2026-08-17,0.009488763032846938,0.6970353119648387,-0.1706067739785257,0.9085346074280404,9.0
2026-08-18,0.6058821414318993,1.148258725055787,0.24089135496500858,1.0736340992665507,16.0
2026-08-19,-0.2469146854524333,0.5277387499458278,-0.2598030305223367,1.0270411255912026,13.0
2026-08-20,-1.170444453632328,0.2410448579581104,0.5883444723838436,0.7847359046529382,2.0
2026-08-21,0.8826107560259366,1.8709064667443638,0.3776551001161786,0.9121356686597278,5.0
2026-08-22,-0.19814995716291076,0.42771089697626025,-1.0839880334534997,0.4588200819533099,2.0
2026-08-23,0.03771520224146277,1.1103172089389888,0.014932364427077861,0.9860156772411827,13.0
2026-08-24,-0.34210241969668165,0.7285396405508919,0.2725811752722818,1.1723546093007136,20.0
2026-08-25,0.143155459737249,0.9030709756109531,-0.07437581953458823,0.7649535728481709,8.0
2026-08-26,0.7293028173301487,0.8468493022471185,0.16246481195438928,1.3709371348359554,5.0
2026-08-27,-0.2465159270758421,0.792357222022251,-0.4620669433955238,0.8693853048691567,4.0
2026-08-28,-0.11221623939895839,0.8792276266992847,-0.34939286686115223,0.684683110060236,5.0
2026-08-29,-0.016908940557229125,0.42471989852153325,-0.7268755557811862,1.0535359076847033,3.0
2026-08-30,-0.04140842926181079,1.0,-0.4852374301819746,1.0,1.0
2026-08-31,0.10219682722198654,0.9890602044117184,-0.28444391684747616,1.376205995389818,3.0
2026-09-01,0.15810577118484465,0.9205088652621964,-0.05792422970568896,0.4708558812265629,8.0
2026-09-02,0.12319382889590548,1.1374240106340638,-0.20253292878797372,0.9681441982937625,17.0
2026-09-05,1.278925659102977,2.7479681996416487,1.5126645048223764,1.3524640090326074,2.0
2026-09-06,-0.29270008368996,1.0,-0.3058191600385528,1.0,1.0
2026-09-07,-0.7285153224573309,1.0,-0.45296108849167055,1.0,1.0
2026-09-08,-0.2620528440714917,1.0,0.15842506635007203,1.0,1.0
