,phrase,label,sentiment,subjectivity,language,count
California,,,,,,
France,,,,,,
Spain,,,,,,
Los Angeles,,,,,,
Canada,,,,,,
B.C.,,,,,,
Europe,,,,,,
US,,,,,,
U.S.,,,,,,
Australia,,,,,,
Ontario,,,,,,
Greece,,,,,,
Colorado,,,,,,
Washington,,,,,,
Spokane,,,,,,
Utah,,,,,,
Southern California,,,,,,
Victoria,,,,,,
British Columbia,,,,,,
Bordeaux,,,,,,
Georgia,,,,,,
Manitoba,,,,,,
Oregon,,,,,,
Calif.,,,,,,
Texas,,,,,,
the United States,,,,,,
Alberta,,,,,,
UK,,,,,,
LA,,,,,,
Belgium,,,,,,
Florida,,,,,,
Nevada,,,,,,
LOS ANGELES,,,,,,
Madrid,,,,,,
Germany,,,,,,
Los Angeles County,,,,,,
Minnesota,,,,,,
Argentina,,,,,,
Reno,,,,,,
Indonesia,,,,,,
L.A.,,,,,,
Portugal,,,,,,
Northeast,,,,,,
Newfoundland,,,,,,
Athens,,,,,,
Pacific Palisades,,,,,,
United States,,,,,,
Nebraska,,,,,,
Earth,,,,,,
New York,,,,,,
Wales,,,,,,
Labrador,,,,,,
Japan,,,,,,
Britain,,,,,,
England,,,,,,
Midwest,,,,,,
New Jersey,,,,,,
Perth,,,,,,
West,,,,,,
America,,,,,,
Paris,,,,,,
Altadena,,,,,,
North America,,,,,,
Simi Valley,,,,,,
New York City,,,,,,
Chile,,,,,,
Alta.,,,,,,
Scotland,,,,,,
Italy,,,,,,
Chicago,,,,,,
Oklahoma,,,,,,
Toronto,,,,,,
Arizona,,,,,,
Maui,,,,,,
Nova Scotia's,,,,,,
Boston Bar,,,,,,
Suffolk,,,,,,
Namibia,,,,,,
Melbourne,,,,,,
WASHINGTON,,,,,,
Kansas,,,,,,
Almeria,,,,,,
Atlantic,,,,,,
Hollywood,,,,,,
Hawaii,,,,,,
Jasper,,,,,,
Crete,,,,,,
MADRID,,,,,,
New Brunswick,,,,,,
Tasmania,,,,,,
Summerland,,,,,,
Saskatchewan,,,,,,
Brignoles,,,,,,
Jakarta,,,,,,
New South Wales,,,,,,
Ventura County,,,,,,
Wash.,,,,,,
N.S.,,,,,,
Paros,,,,,,
Sask,,,,,,
Croatia,,,,,,
Kelowna,,,,,,
SACRAMENTO,,,,,,
British Columbia's,,,,,,
N.W.T.,,,,,,
Thunder Bay,,,,,,
Conception Bay North,,,,,,
Edmonton,,,,,,
London,,,,,,
Vancouver,,,,,,
the Pacific Northwest,,,,,,
Riverside County,,,,,,
Lytton,,,,,,
Michigan,,,,,,
Idaho,,,,,,
New Zealand,,,,,,
Patagonia,,,,,,
Longwood,,,,,,
Northern California,,,,,,
PARIS,,,,,,
LA County,,,,,,
Vancouver Island,,,,,,
SYDNEY,,,,,,
CALGARY,,,,,,
Annapolis County,,,,,,
Iran,,,,,,
Adelaide,,,,,,
Brazil,,,,,,
the Long Lake,,,,,,
Okanagan Lake,,,,,,
TORONTO,,,,,,
the East Coast,,,,,,
Okanagan,,,,,,
Nova Scotia,,,,,,
Annapolis Valley,,,,,,
Detroit,,,,,,
Santa Rosa Island,,,,,,
Ont.,,,,,,
India,,,,,,
Dublin,,,,,,
the Western United States,,,,,,
Fort Simpson,,,,,,
Denare Beach,,,,,,
New Mexico,,,,,,
NSW,,,,,,
Milwaukee,,,,,,
Lahaina,,,,,,
B.C,,,,,,
Israel,,,,,,
Denver,,,,,,
Andalusia,,,,,,
Lancaster County,,,,,,
Balkans,,,,,,
the Great Lakes,,,,,,
Eastern Shore,,,,,,
Eastern Plains,,,,,,
Port Alberni,,,,,,
Tucson,,,,,,
Whitecourt,,,,,,
Mediterranean,,,,,,
Thessaloniki,,,,,,
South Florida,,,,,,
South Australia's,,,,,,
Kamloops,,,,,,
Labrador City,,,,,,
Sydney,,,,,,
Ga.,,,,,,
Turkey,,,,,,
Le Porge,,,,,,
Ukraine,,,,,,
Manhattan,,,,,,
Western US,,,,,,
Ottawa,,,,,,
Mexico,,,,,,
Cypress County,,,,,,
Norway,,,,,,
Rethymno,,,,,,
Mid-Atlantic,,,,,,
China,,,,,,
Pasadena,,,,,,
Clinton,,,,,,
West Kelowna,,,,,,
Arctic,,,,,,
Queensland,,,,,,
Western Australia's,,,,,,
Fort McMurray,,,,,,
Quebec,,,,,,
U.S,,,,,,
BRUSSELS,,,,,,
Peachland,,,,,,
West Dalhousie,,,,,,
San Diego,,,,,,
Santa Ana,,,,,,
New Brunswick's,,,,,,
Plains,,,,,,
South Coast,,,,,,
Americas,,,,,,
Malibu,,,,,,
Alaska,,,,,,
Everglades,,,,,,
Southeast,,,,,,
Western Europe,,,,,,
east coast,,,,,,
Guadalajara,,,,,,
Sicily,,,,,,
northwestern Ontario,,,,,,
Douglas County,,,,,,
VANCOUVER,,,,,,
East Kootenay,,,,,,
Montana,,,,,,
Long Lake,,,,,,
Tuolumne County,,,,,,
Wisconsin,,,,,,
Los Gallardos,,,,,,
Paradise,,,,,,
Ireland,,,,,,
BORDEAUX,,,,,,
Salt Lake City,,,,,,
SPOKANE,,,,,,
Beverly Hills,,,,,,
Eureka,,,,,,
NEW YORK,,,,,,
Northern Ontario,,,,,,
Southern Europe,,,,,,
Western Australia,,,,,,
Bamfield,,,,,,
the Great Plains,,,,,,
Stourbridge,,,,,,
The Sandy Fire,,,,,,
NYC,,,,,,
Kimberley,,,,,,
BC,,,,,,
Kern County,,,,,,
Ore.,,,,,,
Salado,,,,,,
Jambi Province,,,,,,
Newcastle,,,,,,
Yellowknife,,,,,,
Iwate Prefecture,,,,,,
Colo.,,,,,,
South Georgia,,,,,,
Türkiye,,,,,,
Fla.,,,,,,
Ompah,,,,,,
Highlands,,,,,,
Ariz.,,,,,,
Hungary,,,,,,
Jefferson County,,,,,,
Lake George,,,,,,
Pacific,,,,,,
Atlanta,,,,,,
Calgary,,,,,,
Lake Tahoe,,,,,,
San Diego County,,,,,,
Californias,,,,,,
Napa Valley,,,,,,
Albania,,,,,,
Queens,,,,,,
Boulder,,,,,,
USA,,,,,,
Russia,,,,,,
Gaza,,,,,,
SAN FRANCISCO,,,,,,
Europes,,,,,,
SIMI VALLEY,,,,,,
Egypt,,,,,,
Brantley County,,,,,,
New England,,,,,,
Labrador West,,,,,,
Western Slope,,,,,,
Great Lakes,,,,,,
Austria,,,,,,
Bedar,,,,,,
L.A. County,,,,,,
Big Sur,,,,,,
Woodlands County,,,,,,
Mono County,,,,,,
Co Tipperary,,,,,,
N.Y.,,,,,,
PORTLAND,,,,,,
Armstrong,,,,,,
Moreno Valley,,,,,,
RIVERSIDE,,,,,,
Otways,,,,,,
the Mourne Mountains,,,,,,
Otsuchi,,,,,,
Derby,,,,,,
South Australia,,,,,,
Sonoma County,,,,,,
Madagascar,,,,,,
Galicia,,,,,,
the Northwest Territories,,,,,,
Kings County,,,,,,
Connecticut,,,,,,
Mount Bromo,,,,,,
MILWAUKEE,,,,,,
Pacific Northwest,,,,,,
The Long Lake,,,,,,
Spokane County,,,,,,
Central Kalimantan,,,,,,
D.C.,,,,,,
Kalimantan,,,,,,
Rocky Mountain,,,,,,
CALIFORNIA,,,,,,
Africa,,,,,,
Eaton,,,,,,
Sacramento,,,,,,
AUSTIN,,,,,,
Miami,,,,,,
Tennessee,,,,,,
Wyoming,,,,,,
Maine,,,,,,
Colombia,,,,,,
the West Coast,,,,,,
San Francisco,,,,,,
Spains,,,,,,
New Delhi,,,,,,
DALLAS,,,,,,
Minneapolis,,,,,,
South,,,,,,
the Mid-Atlantic,,,,,,
South Dakota,,,,,,
Almeria province,,,,,,
Upper Tantallon,,,,,,
Vernon,,,,,,
Jaisalmer,,,,,,
the Pear Lake,,,,,,
Pemberton,,,,,,
Southwest,,,,,,
Washington DC,,,,,,
Western Canada,,,,,,
High Fens,,,,,,
Derbyshire,,,,,,
Glossop,,,,,,
Evia,,,,,,
Irvine,,,,,,
Riverside,,,,,,
ATHENS,,,,,,
Woodland Park,,,,,,
Crow Wing County,,,,,,
East,,,,,,
Lebanon,,,,,,
the Smokehouse Creek,,,,,,
Brunswick,,,,,,
Singapore,,,,,,
The Village of Pemberton,,,,,,
Canmore,,,,,,
Alabama,,,,,,
Sarawak,,,,,,
Unsplash,,,,,,
Nev.,,,,,,
Butte County,,,,,,
Hobart,,,,,,
North Rim,,,,,,
Lac du Bonnet,,,,,,
East Coast,,,,,,
Canadas,,,,,,
Serbia,,,,,,
Florida Everglades,,,,,,
Brunswick Creek,,,,,,
the Bay Area,,,,,,
Santa Barbara,,,,,,
Leaf Rapids,,,,,,
South Carolina,,,,,,
South Kalimantan,,,,,,
Moreton Island,,,,,,
West Texas,,,,,,
Samaria,,,,,,
S.C.,,,,,,
Maryland,,,,,,
Iowa,,,,,,
Miramichi,,,,,,
Brooklyn,,,,,,
Delhi,,,,,,
South Wales,,,,,,
Rio Blanco County,,,,,,
Venezuela,,,,,,
Philadelphia,,,,,,
South Korea,,,,,,
Northern Alberta,,,,,,
CHICAGO,,,,,,
Mt.,,,,,,
Pisa,,,,,,
West Coast,,,,,,
WINDHOEK,,,,,,
PENTICTON,,,,,,
the American West,,,,,,
Murrieta,,,,,,
Anahim Lake,,,,,,
western Canada,,,,,,
Adam,,,,,,
Etosha National Park,,,,,,
Canberra,,,,,,
Flagstaff,,,,,,
Edinburgh,,,,,,
the Lower Mainland,,,,,,
Oklahoma Panhandle,,,,,,
NY,,,,,,
The Saw Creek,,,,,,
Hamilton,,,,,,
northwest Reno,,,,,,
Barrhead County,,,,,,
Virginia,,,,,,
Istanbul,,,,,,
Aegean,,,,,,
Drammen,,,,,,
LONDON,,,,,,
OMAHA,,,,,,
SEATTLE,,,,,,
Roslyn,,,,,,
Man.,,,,,,
Pinery,,,,,,
midwest,,,,,,
Southern California's,,,,,,
Fort Smith,,,,,,
Franktown,,,,,,
Boise,,,,,,
Fallbrook,,,,,,
Bradley Creek,,,,,,
the Atlantic Coast,,,,,,
Southern California Edison,,,,,,
East Java,,,,,,
DC,,,,,,
the Dublin Mountains,,,,,,
the Upper Midwest,,,,,,
BARCELONA,,,,,,
Winnipeg,,,,,,
Glencullen,,,,,,
the Sandy Fire,,,,,,
Western Cape,,,,,,
Eifel,,,,,,
Los,,,,,,
Jambi,,,,,,
Mariposa County,,,,,,
Amarillo,,,,,,
Attica,,,,,,
Riau Province,,,,,,
South Africa,,,,,,
Mount Rinjani National Park,,,,,,
St. John's,,,,,,
the South Rim,,,,,,
Palisades Village,,,,,,
Conception Bay,,,,,,
Lynn Lake,,,,,,
Lansing,,,,,,
South Africa's,,,,,,
Cerrado,,,,,,
Clooneys,,,,,,
Burbank,,,,,,
Clearwater County,,,,,,
Lapland,,,,,,
Peloponnese,,,,,,
Bernalillo County,,,,,,
West Nusa,,,,,,
Nopiming Provincial Park,,,,,,
Mytikas,,,,,,
Landes,,,,,,
SoCal,,,,,,
Sal'it,,,,,,
El Niño,,,,,,
Kos,,,,,,
Harcourt,,,,,,
Tunisia,,,,,,
Love Island,,,,,,
Aceh,,,,,,
Ridgecrest,,,,,,
the Peak District,,,,,,
Algeria,,,,,,
Lancaster,,,,,,
Channel Islands National Park,,,,,,
Semiahmoo,,,,,,
Southeast Asia,,,,,,
New Denver,,,,,,
Westland,,,,,,
Riau,,,,,,
Pa.,,,,,,
the Coast Salish,,,,,,
North Dakota,,,,,,
BUENOS AIRES,,,,,,
the Southern Hemisphere,,,,,,
Launceston,,,,,,
Washington State,,,,,,
Slievenamon,,,,,,
Cleveland,,,,,,
Deep Creek,,,,,,
Katzie,,,,,,
Gironde,,,,,,
Tijuana River,,,,,,
Koolewong,,,,,,
the Bow Valley,,,,,,
Flin Flon,,,,,,
Lacanau,,,,,,
the Central Coast,,,,,,
the Fraser Canyon,,,,,,
South Sumatra,,,,,,
Bridger,,,,,,
Edison,,,,,,
Iwate,,,,,,
Vail,,,,,,
Fraser Valley,,,,,,
the County of Kings,,,,,,
Jasper National Park,,,,,,
North Frontenac,,,,,,
TUOLUMNE COUNTY,,,,,,
Halifax,,,,,,
Sumatra,,,,,,
north Wales,,,,,,
earth,,,,,,
Romania,,,,,,
Maple Ridge,,,,,,
north shore,,,,,,
MELBOURNE,,,,,,
Rockies,,,,,,
Knox Mountain,,,,,,
Northumberland County,,,,,,
HONOLULU,,,,,,
Larouco,,,,,,
Jurupa Valley,,,,,,
Taman Perdana Heights,,,,,,
the Czech Republic,,,,,,
East Rutherford,,,,,,
OAKLAND,,,,,,
PASADENA,,,,,,
Porto Germeno,,,,,,
Smokehouse Creek,,,,,,
the Municipal District,,,,,,
the Pacific Palisades,,,,,,
Ohio,,,,,,
Oreokastro,,,,,,
SPAIN,,,,,,
N.J.,,,,,,
Yellowstone,,,,,,
Eastern Canada,,,,,,
EUROPE,,,,,,
North Dundas,,,,,,
San Francisco's,,,,,,
Sunshine Coast,,,,,,
Thailand,,,,,,
ATLANTA,,,,,,
Conwy Mountain,,,,,,
the Santa Monica Mountains,,,,,,
Seymour,,,,,,
Upper Midwest,,,,,,
Tecate Peak,,,,,,
00:01:27'We,,,,,,
Seneca,,,,,,
Jisung,,,,,,
Netherlands,,,,,,
Nigeria,,,,,,
Tehran,,,,,,
Chimney Rock Mountain,,,,,,
Tokyo,,,,,,
North Rhine-Westphalia,,,,,,
Wrigley,,,,,,
ISTANBUL,,,,,,
Muskoka,,,,,,
Asia,,,,,,
Houston,,,,,,
Illinois,,,,,,
Uttar Pradesh,,,,,,
Barrington,,,,,,
El Nino,,,,,,
Indiana,,,,,,
Va,,,,,,
the NSW Central Coast,,,,,,
Taman Seri Timah,,,,,,
Austin,,,,,,
MONO COUNTY,,,,,,
Northwestern Ontario,,,,,,
Lāhainā,,,,,,
Jasper Park Lodge,,,,,,
the Canyon Fire,,,,,,
Mid West,,,,,,
Boulder Canyon,,,,,,
Bavaria,,,,,,
Moresby,,,,,,
Waggrakine,,,,,,
Dallas,,,,,,
East Port,,,,,,
Truro,,,,,,
spain,,,,,,
Berau District,,,,,,
Avalon Peninsula,,,,,,
Palmerston,,,,,,
New York State,,,,,,
Australias,,,,,,
Barrhead,,,,,,
Riverdale,,,,,,
Gippsland,,,,,,
Geraldton,,,,,,
Quantico,,,,,,
Devon,,,,,,
North Pole,,,,,,
Sturgeon County,,,,,,
Europeare,,,,,,
Earth Day,,,,,,
the Western Slope,,,,,,
North Coast,,,,,,
Sherani,,,,,,
Jerusalem,,,,,,
Kananaskis,,,,,,
Rimrock Lake,,,,,,
North Okanagan,,,,,,
Mt Rainier,,,,,,
Bolivia,,,,,,
Aylesford,,,,,,
the Sunshine Coast,,,,,,
Central Victoria,,,,,,
Middle East,,,,,,
the Garden State,,,,,,
Poway,,,,,,
NJ,,,,,,
South Okanagan,,,,,,
Osprey Lake,,,,,,
Northwest,,,,,,
Sunda,,,,,,
AUCKLAND,,,,,,
Kangaroo Island,,,,,,
MUNICH,,,,,,
northwestern Manitoba,,,,,,
Cyprus,,,,,,
Yosemite National Park,,,,,,
the Annapolis Valley,,,,,,
East Lombok District,,,,,,
Sembalun Lawang Village,,,,,,
North County,,,,,,
DNR,,,,,,
Mid West city,,,,,,
Gelogor Paok,,,,,,
TNGR,,,,,,
the Mount Rinjani National Park,,,,,,
Kenya,,,,,,
the Town of Truro,,,,,,
Northern,,,,,,
Piru,,,,,,
North Yorkshire,,,,,,
Minn.,,,,,,
Sens,,,,,,
Kenwick,,,,,,
Beaver,,,,,,
Macclesfield,,,,,,
Lecce,,,,,,
Oklahomas,,,,,,
the Oklahoma Panhandle,,,,,,
Woodward,,,,,,
Elbert County,,,,,,
Matheson,,,,,,
Brookeborough,,,,,,
the McDougall Creek,,,,,,
ONTARIO,,,,,,
Phelan,,,,,,
the NSW South Coast,,,,,,
Slocan Valley,,,,,,
Surrey,,,,,,
Rogersville,,,,,,
Penang,,,,,,
Shasta,,,,,,
Marseille,,,,,,
Provence,,,,,,
Fleurieu Peninsula,,,,,,
Buenos Aires,,,,,,
Augusta,,,,,,
northwest Iowa,,,,,,
Wattle Grove,,,,,,
Gaffneys Creek,,,,,,
Cornwall,,,,,,
Aspen,,,,,,
Berlin,,,,,,
Nepal,,,,,,
Wood Buffalo,,,,,,
Riau Islands Province,,,,,,
N.B,,,,,,
Natuna District,,,,,,
Ottawa-Gatineau,,,,,,
Natuna,,,,,,
Mount Currie,,,,,,
Bomba,,,,,,
the Fraser River,,,,,,
the Rocky Mountain West,,,,,,
Parks Victoria,,,,,,
the Great Lakes region,,,,,,
the United St,,,,,,
Siskiyou County,,,,,,
Thornton,,,,,,
Huron,,,,,,
Jamaica,,,,,,
Landsdale,,,,,,
Taman Bukit Mewah,,,,,,
Black Canyon,,,,,,
Flatrock,,,,,,
SA,,,,,,
Barcelona,,,,,,
Southeastern Australia,,,,,,
Timoner,,,,,,
Pacific Pali,,,,,,
Citi,,,,,,
ROCHESTER,,,,,,
MCY,,,,,,
Chino Hills,,,,,,
BEIRUT,,,,,,
Boddington,,,,,,
JERSEY CITY,,,,,,
JACKSONVILLE,,,,,,
the Black Canyon,,,,,,
nordic Valley,,,,,,
the Sahara Desert,,,,,,
Uttarakhand,,,,,,
Fort Nelson,,,,,,
N.L.,,,,,,
Finland,,,,,,
Maddington,,,,,,
N.L,,,,,,
CAPE TOWN,,,,,,
Central Greece,,,,,,
Gift City,,,,,,
the U.S. West,,,,,,
Ouyen,,,,,,
the Grand Canyon,,,,,,
Prairies,,,,,,
Gunnison,,,,,,
Yamanashi,,,,,,
Carlisle River,,,,,,
econo,,,,,,
TUCSON,,,,,,
S13E03.1080p,,,,,,
Rhode Island,,,,,,
Mount Compass,,,,,,
Penticton,,,,,,
Sedgwick County,,,,,,
Bangor,,,,,,
the North Rim of Grand Canyon National Park,,,,,,
Adam's Cove,,,,,,
Arctic Alaska,,,,,,
North Slope,,,,,,
Gobur,,,,,,
Argentinas,,,,,,
East Kalimantan,,,,,,
Ávila,,,,,,
the Camino de Santiago pilgrim,,,,,,
Wicklow,,,,,,
the Regional District,,,,,,
L Max,,,,,,
Almería province,,,,,,
Nashville,,,,,,
Mont.,,,,,,
BELGRADE,,,,,,
R.I.,,,,,,
Fairbanks,,,,,,
Conwy,,,,,,
Sierra County,,,,,,
Manchester,,,,,,
Southern England,,,,,,
Phoenix,,,,,,
Sembalun Resort,,,,,,
Sierra Nevada,,,,,,
Loch Garten,,,,,,
Lake Piru,,,,,,
LARKFIELD,,,,,,
Bay Area,,,,,,
La Cresta,,,,,,
Northern Ireland,,,,,,
Downieville,,,,,,
The Brunswick Creek,,,,,,
Dehcho communities,,,,,,
the High Fens,,,,,,
the Adelaide Hills,,,,,,
The District of Summerland,,,,,,
Wheatbelt,,,,,,
the Municipality of Thebes,,,,,,
the British Columbia,,,,,,
Aragón,,,,,,
Pyli,,,,,,
Yosemite,,,,,,
West Maui,,,,,,
Omis,,,,,,
Costa Brava,,,,,,
Vouzela,,,,,,
Clearwater,,,,,,
North Bend,,,,,,
Nelson,,,,,,
Fraser Canyon,,,,,,
Holser Canyon,,,,,,
SONOMA COUNTY,,,,,,
Niagara,,,,,,
the Bradley Creek,,,,,,
the Village of Clinton,,,,,,
the Municipality of Salamina,,,,,,
Albertas,,,,,,
Var,,,,,,
Blaenavon,,,,,,
Central California,,,,,,
Janu,,,,,,
the South of,,,,,,
Bow Valley,,,,,,
Eur,,,,,,
Frances Atlantic,,,,,,
Alps,,,,,,
LOUISVILLE,,,,,,
Chico,,,,,,
Malaga,,,,,,
East Midlands,,,,,,
Toledo,,,,,,
Painted Hills,,,,,,
Central Europe,,,,,,
New Hampshire,,,,,,
Biscarrosse,,,,,,
Tipperary,,,,,,
San Andreas,,,,,,
the North Aegean,,,,,,
Halifax County,,,,,,
Orange County,,,,,,
Killarney,,,,,,
The Pacific Northwest,,,,,,
OKLAHOMA CITY,,,,,,
Rome,,,,,,
Eastern Washington,,,,,,
votar,,,,,,
Almería,,,,,,
the West Bank,,,,,,
Greater Manchester,,,,,,
Sierra Oeste,,,,,,
Golden State,,,,,,
Morocco,,,,,,
northern Ontario,,,,,,
Dublin Mountains,,,,,,
Bédar,,,,,,
the Brunswick Creek,,,,,,
Northeastern U.S.,,,,,,
Tahoe,,,,,,
Bondi Beach,,,,,,
Utah County,,,,,,
eastern hills,,,,,,
Los Angeles's,,,,,,
The Village of Fort Simpson,,,,,,
Co Down,,,,,,
Canterbury,,,,,,
Muaro Jambi,,,,,,
Brisbane,,,,,,
FireAid,,,,,,
the North Rim,,,,,,
South Rim,,,,,,
the Iberian Peninsula,,,,,,
Catalonia,,,,,,
the Northern Territory,,,,,,
West Kalimantan,,,,,,
Grand Canyon,,,,,,
Calonge,,,,,,
North Frontenac Township,,,,,,
Panvel,,,,,,
WELLINGTON,,,,,,
Fairview,,,,,,
Reuters,,,,,,
Kerryn,,,,,,
Metro Vancouver,,,,,,
-Wild,,,,,,
the Riau Province Regional Disaster Management Agency,,,,,,
Interior,,,,,,
Lakeside,,,,,,
Indian Ocean,,,,,,
NC,,,,,,
South West,,,,,,
Omaha,,,,,,
throughou,,,,,,
South America,,,,,,
Palisades,,,,,,
Sedgwick,,,,,,
Conwy county,,,,,,
Buena Vista,,,,,,
Forest Lakes,,,,,,
SAN DIEGO,,,,,,
Seattle,,,,,,
Ecuador,,,,,,
the Los Angeles County,,,,,,
Western Bay,,,,,,
Wofford Heights,,,,,,
Fairfax,,,,,,
Phillips,,,,,,
Chiang Mai,,,,,,
Underwood,,,,,,
Chernobyl,,,,,,
Yuma,,,,,,
Val-des-Bois,,,,,,
Kit Carson,,,,,,
Europ,,,,,,
Kullagh Creek,,,,,,
Dubbo,,,,,,
Crowley,,,,,,
the South Coast,,,,,,
Logan,,,,,,
Larimer,,,,,,
Kuriositas,,,,,,
RENO,,,,,,
Otero,,,,,,
Kiowa,,,,,,
Perpignan,,,,,,
UNITED STATES,,,,,,
BEAVER,,,,,,
Morgan,,,,,,
Cariboo,,,,,,
Forest Hills,,,,,,
Cheyenne,,,,,,
Hughenden,,,,,,
Massachusetts,,,,,,
west coast,,,,,,
INCLINE VILLAGE,,,,,,
Sandy Beach,,,,,,
the Village of Hughenden,,,,,,
Weld,,,,,,
Manisa,,,,,,
the State of California,,,,,,
the Pacific United States,,,,,,
Noida,,,,,,
Moncton,,,,,,
Pefka,,,,,,
Carson,,,,,,
Eagle Rock,,,,,,
OTTAWA,,,,,,
Malaysia,,,,,,
Healdsburg,,,,,,
Islamabad,,,,,,
"the Southeast
",,,,,,
Lagos,,,,,,
Enid,,,,,,
"the Heartland
",,,,,,
Kishtwar,,,,,,
Longhorn,,,,,,
Santa Barbara County,,,,,,
Calif,,,,,,
the Colorado River,,,,,,
Tatla Lake,,,,,,
Lake Lacanau,,,,,,
U.K.,,,,,,
Deer Lake,,,,,,
Napa County,,,,,,
Beirut,,,,,,
Maui County,,,,,,
Markham,,,,,,
Memphis,,,,,,
Honolulu,,,,,,
Portland,,,,,,
"Southeast
",,,,,,
Longleat,,,,,,
ZNPP,,,,,,
North Carolina,,,,,,
PASOK,,,,,,
Danube,,,,,,
the Western US,,,,,,
Banff,,,,,,
FL,,,,,,
Old Trails,,,,,,
NZ,,,,,,
Western,,,,,,
Jammu,,,,,,
Kashmir,,,,,,
THE UNITED STATES,,,,,,
Baja,,,,,,
the Central Valley,,,,,,
Palestine,,,,,,
Ice Age France,,,,,,
Hong Kong,,,,,,
The Central Park,,,,,,
Santo,,,,,,
New Orleans,,,,,,
Budapest,,,,,,
Hollywood Hills,,,,,,
Wis.,,,,,,
Louisville,,,,,,
Coyotes,,,,,,
Maharashtra,,,,,,
Kentucky,,,,,,
Hudbay,,,,,,
New York City’s,,,,,,
Rockford,,,,,,
worldincluding,,,,,,
C.B.N.,,,,,,
Western Australias,,,,,,
Menlo Park,,,,,,
the Tintina Fault,,,,,,
Silicon Valley,,,,,,
the Spokane River,,,,,,
liveBBC Western Europe,,,,,,
the Inland Northwest,,,,,,
Dolphin Sands,,,,,,
the New South Wales Mid North Coast,,,,,,
Perths south eastern,,,,,,
San Gabriel,,,,,,
Lions Bay,,,,,,
Canadas Yukon,,,,,,
Seville,,,,,,
The Munro Lake,,,,,,
Verm,,,,,,
the Mid North Coast,,,,,,
the Gulf of Corinth,,,,,,
Taiwan,,,,,,
Psatha,,,,,,
Krya,,,,,,
Greenfield,,,,,,
Betis,,,,,,
Rowe Creek,,,,,,
Vermont,,,,,,
PACIFIC PALISADES,,,,,,
Chubut,,,,,,
Stansted,,,,,,
Mid North Coast,,,,,,
Aylesford Lake,,,,,,
Corowa,,,,,,
Butte,,,,,,
Argentine Patagonia,,,,,,
Bullsbrook-Upper Swan,,,,,,
Custer,,,,,,
Pyrograzing,,,,,,
NEWPORT,,,,,,
France‘s Gironde,,,,,,
Old Trails Fire,,,,,,
Newport,,,,,,
northwest Spokane,,,,,,
the United Kingdom,,,,,,
Birch Lane,,,,,,
Prague,,,,,,
The Village of Lions Bay,,,,,,
Lemhi,,,,,,
Central Coast,,,,,,
the United S,,,,,,
Viotia,,,,,,
Preveli beach,,,,,,
Carlsbad,,,,,,
Vatican City,,,,,,
the LA Basin,,,,,,
Petty Harbour,,,,,,
Mandurah,,,,,,
Preveli,,,,,,
Nava,,,,,,
the State of Minnesota,,,,,,
Change14,,,,,,
Etosha,,,,,,
Bow Valley's,,,,,,
"Navaluenga, Avila",,,,,,
M.,,,,,,
Fermoselle,,,,,,
Zamora,,,,,,
Boya,,,,,,
Darlington,,,,,,
a Deer Lake First Nation,,,,,,
Greenmount,,,,,,
Fort Worth,,,,,,
Mount Lawson,,,,,,
Crete beaches,,,,,,
consum,,,,,,
Morningstar,,,,,,
Mt Wombat,,,,,,
Greenland,,,,,,
Trumpishness,,,,,,
Bollywood,,,,,,
han,,,,,,
Australias Victoria,,,,,,
Palo Pinto County,,,,,,
VIC,,,,,,
Hovea,,,,,,
Helena Valley,,,,,,
Malpede,,,,,,
Kananaskis Country,,,,,,
Sunset Mesa,,,,,,
Ravenswood,,,,,,
Puerto Patriada,,,,,,
Polis,,,,,,
The National Oceanic,,,,,,
the Mount Lawson State Park,,,,,,
el-Gol,,,,,,
Saumos,,,,,,
Nea Krya,,,,,,
Walwa,,,,,,
TX,,,,,,
Tunisias,,,,,,
Whanganui,,,,,,
Parikino,,,,,,
Kef,,,,,,
crisis'BBC,,,,,,
Porto,,,,,,
the Municipality of Agios Vasileios,,,,,,
Agios Vasileios,,,,,,
Wild Turkey Trail,,,,,,
Warradarge,,,,,,
Leon,,,,,,
Mount Alexander,,,,,,
ev,,,,,,
Google Maps,,,,,,
North Atlantic,,,,,,
Eastern Siberia,,,,,,
Midwest WA,,,,,,
South Sumatra's,,,,,,
Geelong,,,,,,
Chilean,,,,,,
Ind.,,,,,,
Dunwich Heath,,,,,,
BLOOMINGTON,,,,,,
Siena,,,,,,
Muttarak,,,,,,
Ramona,,,,,,
Malang,,,,,,
Big Sur - KSBW,,,,,,
de…,,,,,,
Washinton,,,,,,
Bridgewater,,,,,,
Aliso Canyon,,,,,,
Cardiff,,,,,,
Welsh county,,,,,,
Vancouver Islands,,,,,,
the Mount Underwood,,,,,,
Okanagan Similkameen,,,,,,
SC,,,,,,
Californ… Charleston,,,,,,
Brarstar Orchards,,,,,,
North Side,,,,,,
Indo,,,,,,
Bournemouth,,,,,,
Smoke,,,,,,
Mount Hood,,,,,,
Mount Rainier,,,,,,
the Bradley Creek Wildfire,,,,,,
Winthrop,,,,,,
the Rambah area,,,,,,
the Way,,,,,,
HILLS,,,,,,
San Bernard,,,,,,
Bandarlampung,,,,,,
Canadas British Columbia,,,,,,
Big Bear Lake,,,,,,
the wooded hills,,,,,,
Latin America,,,,,,
Chicagoland,,,,,,
Gulf Coast,,,,,,
Kambas,,,,,,
year Ireland,,,,,,
Moscow,,,,,,
Las,,,,,,
Pear Lake,,,,,,
Lancets,,,,,,
JOHNSTON,,,,,,
Iceland,,,,,,
Torfaen,,,,,,
WOODLAND HILLS,,,,,,
New Yorks,,,,,,
"Zania Studio
",,,,,,
the Garnet Valley,,,,,,
Tamworth,,,,,,
Chinas,,,,,,
Trout Creek,,,,,,
Santa Clara County,,,,,,
Weimar,,,,,,
Accor,,,,,,
Liège province,,,,,,
Plainview,,,,,,
Silverton,,,,,,
South Plains,,,,,,
Ynyswen,,,,,,
Que,,,,,,
Que.,,,,,,
Barbecue,,,,,,
Outaouais,,,,,,
Alnmouth beach,,,,,,
Mandeville Canyon,,,,,,
Salamis,,,,,,
Pacific Coast,,,,,,
Europe Belgium,,,,,,
Goss et al,,,,,,
Antarctica,,,,,,
Hudson Bay,,,,,,
Saddleridge,,,,,,
Collombatti,,,,,,
the West Midlands,,,,,,
Poole,,,,,,
Sharbot Lake,,,,,,
Melissia,,,,,,
Bournemouth beach,,,,,,
Maidstone,,,,,,
Penteli,,,,,,
Gold River,,,,,,
Cybertruck,,,,,,
HIDDEN HILLS,,,,,,
Akintimehin R,,,,,,
Dover,,,,,,
Northern California’s,,,,,,
Great Britain,,,,,,
Salamina,,,,,,
Sourbrodt,,,,,,
San Francisco Bay Area,,,,,,
the Hürtgen Forest,,,,,,
Southwest Canada,,,,,,
Corvallis,,,,,,
Castaic,,,,,,
Southern Manitoba,,,,,,
Freeling,,,,,,
Mid North,,,,,,
Greater Adelaide,,,,,,
Calaveras County,,,,,,
north Shuswap,,,,,,
Shuswap,,,,,,
the Uplands Trail,,,,,,
SAN ANDREAS,,,,,,
Neenach,,,,,,
Perlaz,,,,,,
Palisades Wildfire,,,,,,
Brac,,,,,,
W Kalimantan,,,,,,
the Amazon Basin,,,,,,
Mangrove Mountain,,,,,,
NSW east coast,,,,,,
West Kalimantan Pro,,,,,,
Kelseyville,,,,,,
Lake County,,,,,,
Barkly,,,,,,
the Old Trails Fire,,,,,,
East Lampung,,,,,,
sma,,,,,,
Jawa Timur,,,,,,
the Mid West city,,,,,,
Mount Bromo Nati,,,,,,
Jijel,,,,,,
the United Way of Thunder Bay,,,,,,
BC lakeside community,,,,,,
west Maui,,,,,,
Nomad Studio,,,,,,
Athalmer,,,,,,
Sucker River,,,,,,
Fairmont Hot Springs,,,,,,
Canal Flats,,,,,,
Pisew,,,,,,
The Pear Lake,,,,,,
South Island,,,,,,
New Minas,,,,,,
Greater Spokane Area,,,,,,
Fox Mountain,,,,,,
the Danube River,,,,,,
northwest Nevada,,,,,,
the Central Highlands,,,,,,
El Pocico,,,,,,
sayBBC,,,,,,
Béjaïa,,,,,,
Balakong,,,,,,
Polymarket,,,,,,
Kalshi,,,,,,
Wildwood Canyon,,,,,,
US city's,,,,,,
Kentuckyis,,,,,,
the Western United State…,,,,,,
deadwood,,,,,,
Shirur,,,,,,
Pune,,,,,,
Pune village,,,,,,
The wooded area,,,,,,
Geneva,,,,,,
East Ja…,,,,,,
Gregory,,,,,,
the County’s Fire Department,,,,,,
The County of Los Angeles,,,,,,
JAKARTA,,,,,,
Pine Grove,,,,,,
prote,,,,,,
Idaho Springs,,,,,,
Cudlee Creek,,,,,,
Mammoth Mountain,,,,,,
the District of Summerland,,,,,,
the L.A. County Boar,,,,,,
Hoopa,,,,,,
Newark,,,,,,
the Jag Soundhouse,,,,,,
the Clarence Valley,,,,,,
Humboldt County,,,,,,
Lake Magenta,,,,,,
the Flinders Ranges,,,,,,
Diamond Bar,,,,,,
the New South Wales North Coast,,,,,,
Southern California’s,,,,,,
Washoe County,,,,,,
North Island,,,,,,
New Zealand's,,,,,,
Beaver Creek,,,,,,
Wirrabara Ranges,,,,,,
Supetar,,,,,,
Piperstown,,,,,,
the San Joaqu,,,,,,
BurnBot,,,,,,
the Camino de Santiago pilgr,,,,,,
Riding Mountain National Park,,,,,,
Parks Canada,,,,,,
Red Deer,,,,,,
Villas,,,,,,
IRELAND,,,,,,
Sea,,,,,,
Thebes,,,,,,
the Sea-to-Sky,,,,,,
Alberni,,,,,,
Old Egmont,,,,,,
Lake Rouge,,,,,,
Ladera,,,,,,
the English Channel,,,,,,
Citywest,,,,,,
le…,,,,,,
Co Dublin,,,,,,
Little City,,,,,,
West Ridge,,,,,,
LOS GALLARDOS,,,,,,
Los Gal,,,,,,
Bédar north,,,,,,
the City of Angels,,,,,,
Tiruppur,,,,,,
Adelaide Festival's,,,,,,
Uckfield,,,,,,
Thu… Kasabonika Lake First Nation,,,,,,
Xeriant,,,,,,
Cuba,,,,,,
Channel Islands,,,,,,
L’Hebert,,,,,,
mariner,,,,,,
Simi,,,,,,
southw,,,,,,
Med,,,,,,
Thousand Oaks,,,,,,
Sundre,,,,,,
the Capitan Mountains,,,,,,
Californ,,,,,,
Cariboo Regional District,,,,,,
the Costa Brava,,,,,,
‌villages,,,,,,
the Sandhills of Nebraska,,,,,,
the Tabak Stream canyon,,,,,,
Tabak Stream,,,,,,
Californias Simi Valley,,,,,,
the South Slave,,,,,,
South Slave,,,,,,
Atkinson,,,,,,
Raimala village,,,,,,
AZ,,,,,,
Kazakhstan,,,,,,
American Redoubt,,,,,,
Chichester,,,,,,
Mayne Island,,,,,,
West Sussex,,,,,,
the Eastern United States,,,,,,
Sandhills,,,,,,
GREENWOOD VILLAGE,,,,,,
Briton,,,,,,
CHICO,,,,,,
Sooke,,,,,,
Philad,,,,,,
availabili,,,,,,
Tuscany,,,,,,
North West Region,,,,,,
the Edson Forestry Region,,,,,,
Hampshire,,,,,,
Muğla province,,,,,,
La,,,,,,
Türkiyes Mula,,,,,,
Mourne Mountains,,,,,,
Aberdeenshire,,,,,,
north Germany,,,,,,
The Inland Northwest,,,,,,
Buckeye,,,,,,
Herdsman Lake,,,,,,
Democratic Republic of the Congo,,,,,,
El Paso Mountains,,,,,,
the Sychnant Pass,,,,,,
Conwy coun…,,,,,,
Ukrai,,,,,,
Southern Spain,,,,,,
East Evans Creek Fire Explodes,,,,,,
Torbay,,,,,,
Jackson County,,,,,,
"East Evans Creek Fire Explodes Into Oregons Largest Wildfire, Prompting Evacuations and Statewide Emergency",,,,,,
O'Brien,,,,,,
MacArthur Park,,,,,,
LA Mayor,,,,,,
Loyalton,,,,,,
The Lussier River,,,,,,
‌northern border,,,,,,
Bangkok,,,,,,
South East Asia,,,,,,
Walthamstow,,,,,,
inferno canyon,,,,,,
Westlands,,,,,,
Fontainebleau,,,,,,
Frances Mediterranean,,,,,,
Boulevard,,,,,,
Essex,,,,,,
New Utah,,,,,,
Truckee,,,,,,
lake south,,,,,,
Rimrock,,,,,,
FOUNTAIN VALLEY,,,,,,
Tracy,,,,,,
Anderson,,,,,,
San Joaquin Valley,,,,,,
Dawes County,,,,,,
North York Moors,,,,,,
Filiro,,,,,,
Saw Creek,,,,,,
Tinderbox Britain,,,,,,
northwest Alberta,,,,,,
The Parker Lake,,,,,,
the Vindhya Hills,,,,,,
Bwindi Lodge,,,,,,
The Datai Langkawi,,,,,,
Parker Lake,,,,,,
Costa Rica,,,,,,
Bali,,,,,,
Serian district,,,,,,
Peak District,,,,,,
Beach,,,,,,
Salt Lake City Extreme,,,,,,
pumas,,,,,,
Juab,,,,,,
Trinity,,,,,,
Northern California's,,,,,,
Spokane Valley,,,,,,
Northwood,,,,,,
Wyo.,,,,,,
JACKSON HOLE,,,,,,
Wildfiresare,,,,,,
Kansas City,,,,,,
TNRD,,,,,,
Stump Lake,,,,,,
West Kelo,,,,,,
Almyropotamos,,,,,,
Calimesa,,,,,,
San Timoteo Canyon,,,,,,
Red Butte,,,,,,
Lake Elsinore,,,,,,
Temecula,,,,,,
Oceanside,,,,,,
Valley Center,,,,,,
Pala,,,,,,
west Riverside Counties,,,,,,
Pacific Gas,,,,,,
the United States',,,,,,
Woolacombe,,,,,,
Singletracks Mountain,,,,,,
PyPI,,,,,,
LIRR,,,,,,
Liti,,,,,,
Central Alberta,,,,,,
Walsh River,,,,,,
Paia,,,,,,
us,,,,,,
LA JOLLA,,,,,,
JOLLA,,,,,,
BOSTON,,,,,,
South East,,,,,,
Sorren,,,,,,
Floridas,,,,,,
TALLAHASSEE,,,,,,
Rock Ridge,,,,,,
the Rock Ridge,,,,,,
Sedona,,,,,,
Enerhodar,,,,,,
Southern France's,,,,,,
the Scottish Highlands,,,,,,
Scottish Highlands,,,,,,
fe,,,,,,
Hudson River,,,,,,
the Dehcho community,,,,,,
Fort Island,,,,,,
Oil Sands,,,,,,
San Diego Fire-Rescue Department,,,,,,
Sorrento Valley,,,,,,
Hammonds Plains,,,,,,
Guardian Red state,,,,,,
the Beehive State,,,,,,
Corners,,,,,,
Tocantins,,,,,,
the Cottonwood Fire,,,,,,
the Xerente Indigenous Territory,,,,,,
TOCANTINIA,,,,,,
the Great Basin,,,,,,
South-West,,,,,,
US West,,,,,,
Owo,,,,,,
Dulzura,,,,,,
Fort,,,,,,
Northern Manitoba,,,,,,
Bondi,,,,,,
Dulzura-Area,,,,,,
Amisk Lake,,,,,,
Ontarios,,,,,,
Rosehearty,,,,,,
Wiltshire,,,,,,
Mourne Mountain,,,,,,
Slievenamon mountain,,,,,,
Longford,,,,,,
tacklin,,,,,,
the Goulburn Valley,,,,,,
Trawool,,,,,,
the Goulburn Valley Highway,,,,,,
the Matthew Creek,,,,,,
the North Shore',,,,,,
Van…,,,,,,
Winter Garden,,,,,,
Patagonias,,,,,,
Glencree valley,,,,,,
SQUAMISH,,,,,,
CONCORD,,,,,,
Valencia,,,,,,
the Rhinogydd mountains,,,,,,
North Wales,,,,,,
DRC,,,,,,
Nairobi,,,,,,
the Democratic Republic of Congo,,,,,,
Fischer et al.,,,,,,
Bord,,,,,,
Manises,,,,,,
Slovakia,,,,,,
Glencree,,,,,,
Davis,,,,,,
Coillte forests,,,,,,
Sunol,,,,,,
Oklahoma Panhandle Burns,,,,,,
the East Bay,,,,,,
CRAWFORD COUNTY,,,,,,
‌2027,,,,,,
Pangea,,,,,,
47C,,,,,,
nickcarraway,,,,,,
Big Basin Redwoods,,,,,,
Queensla,,,,,,
Avincis,,,,,,
Panhandles,,,,,,
LISBON,,,,,,
ARLINGTON,,,,,,
Kan.,,,,,,
SEWARD COUNTY,,,,,,
Va.,,,,,,
the Fiftynine Creek,,,,,,
Alexandra,,,,,,
wi,,,,,,
Sitka,,,,,,
Klamath,,,,,,
Inferno,,,,,,
Giddings,,,,,,
the Upper Valley,,,,,,
Rocky Mountain High Art,,,,,,
South-West Victoria,,,,,,
the east s,,,,,,
stremmas,,,,,,
BOGOTA,,,,,,
Stow,,,,,,
Biscarrosses,,,,,,
Fuente del Albarico,,,,,,
Los Angeles Hospitality,,,,,,
PENDLETON,,,,,,
FireSat,,,,,,
the Glenasmole Valley,,,,,,
the South Americ,,,,,,
Mount Compas,,,,,,
Tooperang,,,,,,
Tripiti,,,,,,
Cotignac,,,,,,
Lège-Cap-Ferret,,,,,,
the La Mierla,,,,,,
the County of Annapolis,,,,,,
Masterton,,,,,,
CANBERRA,,,,,,
barbecue,,,,,,
Gellibran,,,,,,
the Kambi area,,,,,,
Kamari,,,,,,
Jersey City,,,,,,
SEVILLE,,,,,,
Sonora,,,,,,
Cape Jervis,,,,,,
San Manuel,,,,,,
Alausa,,,,,,
Douglas County’s,,,,,,
Okanagan Valley,,,,,,
Moutchic,,,,,,
Aceh Barat District,,,,,,
the Golden State’s,,,,,,
Ponteves,,,,,,
Washougal,,,,,,
FRANCE,,,,,,
Johor,,,,,,
WA,,,,,,
Onslow,,,,,,
Oodnadatta,,,,,,
Fiftynine Creek,,,,,,
the Otway Ranges,,,,,,
Kambi,,,,,,
Jocko Lakes,,,,,,
Washington D.C.,,,,,,
Fundão,,,,,,
uninhabited river island,,,,,,
Jacksonville,,,,,,
Jacket Lake,,,,,,
Mackinac,,,,,,
Laos,,,,,,
Chong,,,,,,
Upper Midw,,,,,,
Northeast Spain,,,,,,
Co Kerry,,,,,,
West Hollywood,,,,,,
the Sunset Strip,,,,,,
Tornio,,,,,,
Ala.,,,,,,
Natimuk,,,,,,
Bambi,,,,,,
Lake Erie,,,,,,
West Deptford,,,,,,
the El Niñ…,,,,,,
Riau Islands,,,,,,
Ky.,,,,,,
New Yo,,,,,,
Krokstadelva,,,,,,
nort,,,,,,
Lak,,,,,,
the Regions of Central Greece,,,,,,
Mi,,,,,,
RICHBURG,,,,,,
clai,,,,,,
Pykara forest,,,,,,
the Parsons Valley,,,,,,
Tamil Nadus,,,,,,
Nilgiris district,,,,,,
Tamil Nadu's,,,,,,
central Highlands,,,,,,
Nilgiris,,,,,,
St. Louis County,,,,,,
NAHUNTA,,,,,,
Stormonts,,,,,,
Washingto,,,,,,
Boun,,,,,,
Georgias Brantley County,,,,,,
Zoo Atlanta,,,,,,
Signal Hill,,,,,,
the Lillooet River,,,,,,
Guatemala,,,,,,
Pittsburgh,,,,,,
NW Ohio,,,,,,
S Korea,,,,,,
Placerville,,,,,,
Lancaster County’s,,,,,,
South Texas,,,,,,
the United States of America,,,,,,
the City of Kamloops,,,,,,
the Village of Lyttons,,,,,,
Tehranand Beirut,,,,,,
Albany,,,,,,
Smithers,,,,,,
Egham,,,,,,
HARRISBURG,,,,,,
the Fraser Valley,,,,,,
EAST RUTHERFORD,,,,,,
NEW JERSEY,,,,,,
MISSISSAUGA,,,,,,
HUNTSVILLE,,,,,,
NSW Central Coast,,,,,,
Kimberleys,,,,,,
the east coast,,,,,,
the South Pacific,,,,,,
Lake Gulch,,,,,,
the Northwest region,,,,,,
Washington DC's,,,,,,
fla,,,,,,
ORLANDO,,,,,,
Settle Oregon,,,,,,
the Ohio Valley,,,,,,
Hawaiian Islands,,,,,,
Pacific Ocean,,,,,,
the Pacific Coast,,,,,,
Minnesotawildfiresmoke,,,,,,
San Marcos,,,,,,
Easter,,,,,,
wildfirescontinue,,,,,,
Big Bar Lake,,,,,,
Acton,,,,,,
Bar Lake,,,,,,
the Big Bar Lake,,,,,,
Los Ange…,,,,,,
Bihars Nalanda,,,,,,
Maghra village,,,,,,
Nalanda,,,,,,
the Lackawanna River,,,,,,
Duryea,,,,,,
KUCHING,,,,,,
The Fiftynine Creek,,,,,,
mid-Atlantic,,,,,,
Neb,,,,,,
West Bank,,,,,,
impacti,,,,,,
the Rim Fire,,,,,,
BOCA RATON,,,,,,
Imperial County,,,,,,
ELM CREEK,,,,,,
Humpback Rocks,,,,,,
the Wicklow Mountains,,,,,,
Irelands,,,,,,
Siberia,,,,,,
Amazon,,,,,,
late/,,,,,,
Ehime,,,,,,
record&rdquo,,,,,,
Korea,,,,,,
Bailout City,,,,,,
Alta Dena,,,,,,
North Gyeongsang,,,,,,
Chumok-ri village,,,,,,
South Korea - Walking,,,,,,
Measles - United States of America - World Health Organization,,,,,,
Measles - United States,,,,,,
S. Korea’s,,,,,,
S. Korea's,,,,,,
Imabari,,,,,,
Bakersfield,,,,,,
South Korea's,,,,,,
Barro,,,,,,
Andong city,,,,,,
Andong,,,,,,
Los Angelesleaving,,,,,,
Mendocino County,,,,,,
UNESCO village,,,,,,
Seoul,,,,,,
Polk,,,,,,
Henderson,,,,,,
South Korea’s,,,,,,
South Koreas,,,,,,
Uiseon,,,,,,
country&#039;s southeastern,,,,,,
Samui-ri,,,,,,
Nelson County,,,,,,
Donegal,,,,,,
CAROLINAS,,,,,,
Dorset,,,,,,
Table Rock State,,,,,,
the Iberian Highlands,,,,,,
Umphang Wildlife Sanctuary,,,,,,
LA blaze,,,,,,
San Juan Capistrano,,,,,,
Little Desert,,,,,,
Camptonville,,,,,,
Galloway,,,,,,
Rocky Mountains,,,,,,
Daegu,,,,,,
Hilltown,,,,,,
Mahnaz,,,,,,
West Hills,,,,,,
Ballymoney,,,,,,
essen,,,,,,
Ferndale,,,,,,
Glasgow,,,,,,
Eastern Sierra,,,,,,
Horry County Fire Rescue,,,,,,
North Geyongsang,,,,,,
South Korea&rsquo;s,,,,,,
Table Rock Mountain,,,,,,
North Thompson,,,,,,
North Carolinago.com,,,,,,
Saijo,,,,,,
the Kilpatrick Hills,,,,,,
Death Valley,,,,,,
Route,,,,,,
PRESCOTT,,,,,,
Robe,,,,,,
NOTTINGHAM,,,,,,
Manchester United,,,,,,
Okayama Prefecture,,,,,,
Ehime Prefecture,,,,,,
Chiang,,,,,,
Table Rock,,,,,,
Mo.,,,,,,
Oklahoma City,,,,,,
Bolde,,,,,,
Bethanchok Rural Municipality-3,,,,,,
NWS Miami,,,,,,
Palm Beach,,,,,,
Larimer County,,,,,,
Berthoud,,,,,,
Garfield,,,,,,
Haskell,,,,,,
Pawnee,,,,,,
Karve,,,,,,
Kavrepalanchok,,,,,,
Mid South,,,,,,
Miami-Dade,,,,,,
PIEDMONT,,,,,,
Fredericksburg,,,,,,
Melbournes east,,,,,,
Stillwater,,,,,,
South Jersey,,,,,,
The Mississippi Valley,,,,,,
Deep South,,,,,,
US South,,,,,,
Mississippi,,,,,,
Norman,,,,,,
Velma,,,,,,
Kilsyth,,,,,,
Edmond,,,,,,
LA County's,,,,,,
U.S. South,,,,,,
Plymouth,,,,,,
Mount Dandenong,,,,,,
Montrose,,,,,,
Southern Florida,,,,,,
Miami-Dade County,,,,,,
CANADIAN,,,,,,
Piedmont,,,,,,
Perths north,,,,,,
Nort,,,,,,
Pickens County,,,,,,
South Carolina's,,,,,,
North CarolinaThe,,,,,,
Piedmo,,,,,,
Stokes County,,,,,,
Yellagonga Park,,,,,,
New Jersey Crews,,,,,,
South Carolinas,,,,,,
North Carolina county,,,,,,
S. Korea,,,,,,
Uiseong,,,,,,
ofOkayama,,,,,,
Woodvale,,,,,,
the Coal River Valley,,,,,,
TEXAS,,,,,,
POLK COUNTY,,,,,,
Texas Panhandle,,,,,,
Neb.,,,,,,
Great Plains,,,,,,
San Jacinto,,,,,,
Montgomery,,,,,,
Black Cove,,,,,,
the Black Cove,,,,,,
Sancheong county,,,,,,
West Wales,,,,,,
abo,,,,,,
Woolsey,,,,,,
Inverness city,,,,,,
Inverness,,,,,,
SEOUL,,,,,,
Co. Antrim,,,,,,
"Washington, DC",,,,,,
Canada Park,,,,,,
the Judean Plains,,,,,,
RIPLEY,,,,,,
Aberdeen,,,,,,
the Eshtaol Forest,,,,,,
Jerusalem Hills,,,,,,
SINGAPORE,,,,,,
the Negev Desert,,,,,,
Beersheba,,,,,,
JERUSALEM,,,,,,
Tel Avi,,,,,,
Tel Aviv,,,,,,
North Macedonia,,,,,,
Reopens Roads,,,,,,
Kentucky Derby,,,,,,
Arcadia,,,,,,
Judean Plains,,,,,,
Chubb,,,,,,
Jones County,,,,,,
Himalayas,,,,,,
Boul,,,,,,
Waretown,,,,,,
Cumberland County,,,,,,
Hartford,,,,,,
BROOMFIELD,,,,,,
the Granite State,,,,,,
Fort Collins,,,,,,
UTICA,,,,,,
WARETOWN,,,,,,
Coral Reefs,,,,,,
Prat Stream,,,,,,
the Binyamin Region,,,,,,
Glen Rosa valley,,,,,,
the Isle of …,,,,,,
the Jones River,,,,,,
the Judean Plane,,,,,,
Tarom,,,,,,
Ofunato City,,,,,,
PNW,,,,,,
Kilmoon,,,,,,
Lisdoonvarna,,,,,,
The Northwest Territories',,,,,,
Mount Hymettus,,,,,,
Zografou,,,,,,
Eshtaol,,,,,,
Colchester County,,,,,,
Snowy Mountains,,,,,,
Redwater,,,,,,
Athabasca County,,,,,,
the Boyle Fishpond,,,,,,
Thorhild County,,,,,,
GRAND CAYMAN,,,,,,
Cayman Islands,,,,,,
C.B.N,,,,,,
Clare,,,,,,
north Clare,,,,,,
Interlake region,,,,,,
Prince George,,,,,,
Prospect Park,,,,,,
Fort St. John,,,,,,
the Jersey Shore,,,,,,
Remington Henderson,,,,,,
Aurora,,,,,,
Hixon,,,,,,
the County of Grande Prairie,,,,,,
Interlake,,,,,,
Salcha,,,,,,
Edm,,,,,,
NSW south coast,,,,,,
the New South Wales,,,,,,
Dartmoor,,,,,,
Koreatown,,,,,,
OCEAN COUNTY,,,,,,
the Pine Barrens,,,,,,
New Jersey Wildfire Map—Live Tracker,,,,,,
Richmond,,,,,,
Sonoma,,,,,,
the Rhigos Mountain,,,,,,
Uiseong county,,,,,,
Van Nuys,,,,,,
N.M.,,,,,,
Puerto Vallarta's,,,,,,
Hyapom,,,,,,
Puerto Vallarta,,,,,,
the Southern Uplands,,,,,,
Mount Carmel,,,,,,
Flockhill Lodge,,,,,,
Los Angeles’s,,,,,,
levele,,,,,,
Pennsylvania,,,,,,
Barnegat,,,,,,
States,,,,,,
Pisgah National Forest,,,,,,
the Isle of Arran,,,,,,
North Korea,,,,,,
the River Clyde,,,,,,
Greenock,,,,,,
La Plata County,,,,,,
North East Yorkshire,,,,,,
DMZ,,,,,,
Koreas,,,,,,
the Korean Demilitarized Zone,,,,,,
Sedalia,,,,,,
Cumbernauld,,,,,,
Daylesford,,,,,,
Victorias,,,,,,
Hepburn Regional Park,,,,,,
Arran,,,,,,
"the Isle of Arran
",,,,,,
Ocean County,,,,,,
New Jersey's,,,,,,
Ocean Township,,,,,,
Lake Okanagan Resort,,,,,,
Atlantic Ocean,,,,,,
New Jersey Wildfire Containment Map,,,,,,
New Jersey Pine Barrens,,,,,,
New Jerseys Pine Barrens,,,,,,
Benloch,,,,,,
New Jersey Wildfire Rages,,,,,,
the Lake Okanagan Resort,,,,,,
Atlantic City,,,,,,
Westchester,,,,,,
Rockland Counties,,,,,,
Ocean Towns,,,,,,
Forked River,,,,,,
Rockland,,,,,,
Bronx,,,,,,
Threatens Wildlife,,,,,,
New Jersey Against Going Outside,,,,,,
Lakewood,,,,,,
Pine Barrens,,,,,,
Lacey Township,,,,,,
New Jersey Causes Evacuation,,,,,,
MOSCOW,,,,,,
Sputnik,,,,,,
Ocean Country,,,,,,
North and South America,,,,,,
BARNEGAT TOWNSHIP,,,,,,
CHATSWORTH,,,,,,
New Jersey Wildfire Grows,,,,,,
Ocean Cou,,,,,,
New Jersey’s,,,,,,
Mount Lofty Ranges,,,,,,
the Mount Lofty Ranges,,,,,,
Prince Louis,,,,,,
Delaware,,,,,,
Pico Rivera,,,,,,
NWS,,,,,,
Vienna,,,,,,
Los Ange,,,,,,
The United States,,,,,,
Metropolitan Water District,,,,,,
Central Valley,,,,,,
Dine L.A.,,,,,,
the City of Dreams,,,,,,
Panama,,,,,,
Wartook,,,,,,
Getty,,,,,,
mashabuba,,,,,,
HOLLYWOOD,,,,,,
the Tule River Indian Reservation,,,,,,
the Tule River Tribe,,,,,,
Sting,,,,,,
CHARLESTON,,,,,,
F*ck LA,,,,,,
St. Vincent,,,,,,
Finneas,,,,,,
southeast sweltered,,,,,,
Pradesh,,,,,,
the Golden State,,,,,,
Rayong,,,,,,
LA Wildfire,,,,,,
the San Francisco Bay Area,,,,,,
Mudslides,,,,,,
Great Southern,,,,,,
PARK CITY,,,,,,
Dimboola,,,,,,
Little Desert National Park,,,,,,
HOUSTON,,,,,,
Sunset,,,,,,
L,,,,,,
Eyre Peninsula,,,,,,
Pacific Palis,,,,,,
Southern Galicia,,,,,,
the Mississippi Valley,,,,,,
Old Fort,,,,,,
Howth,,,,,,
Palisades Fire,,,,,,
Melissa Rivers,,,,,,
Black D.C.,,,,,,
Esperance,,,,,,
south coast,,,,,,
Pacific Palisad,,,,,,
Mars,,,,,,
Gaga,,,,,,
the Mandeville Canyon,,,,,,
Encino,,,,,,
Culver City,,,,,,
Treyarch,,,,,,
EL MONTE,,,,,,
the City of Gosnells,,,,,,
Breit,,,,,,
Yoshiki,,,,,,
LONG BEACH,,,,,,
Eastern Coachella Valley,,,,,,
Crooked Creek,,,,,,
OLD FORT,,,,,,
Inglewood,,,,,,
MCDOWELL COUNTY,,,,,,
Mooralla,,,,,,
New York Ci,,,,,,
Selling Sunset',,,,,,
Southern California Wildfire Relief and Recovery Efforts,,,,,,
North Carolina's,,,,,,
McDowell County,,,,,,
Callaway,,,,,,
Wades Gap,,,,,,
Franklin County,,,,,,
Compton,,,,,,
Arunachal,,,,,,
Tawang Chu river,,,,,,
Bec,,,,,,
Santa Clarita,,,,,,
Mount Wilson,,,,,,
Coast To Coast,,,,,,
Hercules,,,,,,
modifi,,,,,,
Wate,,,,,,
Los Angeles county,,,,,,
Santa,,,,,,
Santa Monica,,,,,,
Los Angeles',,,,,,
INGLEWOOD,,,,,,
Kamala,,,,,,
Brentwood,,,,,,
Habitat,,,,,,
Pacific Coast Highway,,,,,,
the Pacific Coast Highway,,,,,,
Will Rodgers State Beach,,,,,,
Santa Ana wi,,,,,,
San Fernando Valley,,,,,,
the National Oceanic,,,,,,
Vegas,,,,,,
Santa Ana Winds,,,,,,
Eaton Canyon,,,,,,
Ventura,,,,,,
west LA,,,,,,
Ventura Counties,,,,,,
L.A. Wildfires,,,,,,
Southern Califo,,,,,,
prope,,,,,,
Angeles,,,,,,
The New Republic,,,,,,
Yellowstone National Park,,,,,,
L.A,,,,,,
busine,,,,,,
Coachella Valley,,,,,,
Missoula,,,,,,
Santa Anas,,,,,,
Los Angeles County’s,,,,,,
CASTAIC,,,,,,
Monterey,,,,,,
Moss Landing,,,,,,
Anadolu,,,,,,
Adelaide Hills,,,,,,
Laguna,,,,,,
Kavrepalanchowk,,,,,,
New US,,,,,,
Bremer Bay,,,,,,
Southern Californias,,,,,,
Oakland,,,,,,
the City of Los Angeles,,,,,,
N.C.,,,,,,
Arthur River,,,,,,
Bull Creek,,,,,,
Castaic Lake,,,,,,
Western states,,,,,,
Lead City’s,,,,,,
Dryden,,,,,,
LA Wildfire Relief LIVE,,,,,,
Mexicoand,,,,,,
Los An,,,,,,
Los Angeles County Wildfire Relief Efforts,,,,,,
Los Angeles Fire Relief,,,,,,
Los Angles,,,,,,
Park City’s,,,,,,
Greater Los Angeles,,,,,,
Neutra,,,,,,
Kesler,,,,,,
the Pacific Coast Highwa,,,,,,
adobe,,,,,,
Califo,,,,,,
San Bernardino,,,,,,
San Antonio,,,,,,
bec,,,,,,
mont,,,,,,
the North Carolina,,,,,,
the North Carolina F,,,,,,
Hokkaido,,,,,,
Sou…,,,,,,
South Carolina’s,,,,,,
Eastern Seaboard,,,,,,
the Delmarva Peninsula,,,,,,
Flinders Ranges,,,,,,
Douglasville,,,,,,
I-20,,,,,,
Ballarat,,,,,,
Mount Buninyong,,,,,,
West GA,,,,,,
Talbot County,,,,,,
TALBOTT COUNTY,,,,,,
Tyvek,,,,,,
"North, South Carolina",,,,,,
Ofunato Bay,,,,,,
TOKYO,,,,,,
Huon,,,,,,
Ta,,,,,,
Frankfurt,,,,,,
the Texas Panhandle,,,,,,
D-Calif.,,,,,,
Panhandle,,,,,,
country&#039;s,,,,,,
Myrtle Beach,,,,,,
Carolinas,,,,,,
North and South Carolina,,,,,,
Polk County,,,,,,
South Carolin,,,,,,
Carolina,,,,,,
Carolina Forest,,,,,,
West Virginia,,,,,,
Las Vegas,,,,,,
Long Island,,,,,,
Arkansas,,,,,,
Westhampton,,,,,,
Northcliffe,,,,,,
the Golden State's,,,,,,
New B.C.,,,,,,
Creek East,,,,,,
the Gold Coast,,,,,,
Missouri,,,,,,
Evergreen,,,,,,
Auckland,,,,,,
Waikato,,,,,,
Northland,,,,,,
Mngere Mountain,,,,,,
Port Waikato,,,,,,
New Zea,,,,,,
Last Hamptons,,,,,,
New York’s,,,,,,
Nassau,,,,,,
Ribdikot Rural,,,,,,
Tryon,,,,,,
Los Angeles County Sues,,,,,,
Whangamarino Wetlands,,,,,,
Waikato District,,,,,,
Palpa,,,,,,
Sansarkot hill,,,,,,
Washoe,,,,,,
Hamptons,,,,,,
the Hudson Valley,,,,,,
the Sunshine State,,,,,,
Mar-a-Lago,,,,,,
Palm Beach County,,,,,,
Moorpark,,,,,,
Suffolk County,,,,,,
Bonhams,,,,,,
the Space Coast,,,,,,
East Bay,,,,,,
Januarys,,,,,,
Timang,,,,,,
Chame Rural,,,,,,
USAID,,,,,,
Haifa,,,,,,
the Indian Ocean,,,,,,
Cali,,,,,,
Pomonal,,,,,,
Mauis,,,,,,
New York Fashion,,,,,,
Luar,,,,,,
YMCA,,,,,,
Hanmi,,,,,,
Amsterdam Island,,,,,,
Sherman Oaks,,,,,,
the Los Angeles Area,,,,,,
Southern Californi,,,,,,
Nuble,,,,,,
CHILE,,,,,,
west Altadena,,,,,,
Oakland Hills,,,,,,
Pasade,,,,,,
NORTH BETHESDA,,,,,,
Md.,,,,,,
Perfluoroalkyl,,,,,,
le,,,,,,
CAMBRIDGE,,,,,,
Cimarron County,,,,,,
linksThe California,,,,,,
Californi,,,,,,
Dotts Park,,,,,,
Deckers,,,,,,
Allstate,,,,,,
Moore County,,,,,,
SANTA MARIA,,,,,,
Santa Maria,,,,,,
Sonoma Valley Roads Could Be a ‘Death Trap,,,,,,
Mount Eliza,,,,,,
East Texas,,,,,,
Richmond County,,,,,,
Richmond County council,,,,,,
Forest Ranch,,,,,,
Santa Rosa,,,,,,
Boulder County,,,,,,
ISSAQUAH,,,,,,
Dunsborough,,,,,,
Ofunato,,,,,,
Zurich,,,,,,
Palisades Blaze,,,,,,
responsib,,,,,,
North,,,,,,
Okla.,,,,,,
Windy Harbour,,,,,,
Dunsborough area,,,,,,
the Sonoma Valley,,,,,,
Iraq,,,,,,
Zeehan,,,,,,
conj,,,,,,
Niantic,,,,,,
nonp,,,,,,
Taman Muzaffar Heights,,,,,,
Melaka,,,,,,
Afghanistan,,,,,,
Ghana,,,,,,
Napa,,,,,,
Spring Mountain,,,,,,
Nakhon Ratchasima,,,,,,
Baglung,,,,,,
Washington States,,,,,,
Jalgaon,,,,,,
the Jerusalem Hills,,,,,,
Small Point,,,,,,
New Br,,,,,,
DOUGLAS COUNTY,,,,,,
Cormorant,,,,,,
Pangmilang village,,,,,,
Singkawan Selatan,,,,,,
Singkawang,,,,,,
Cameron Lake,,,,,,
Columbias,,,,,,
"Peachland, B.C",,,,,,
Ai… Toronto,,,,,,
pyrocumulus cloud,,,,,,
Port Klang,,,,,,
Pandamaran,,,,,,
Southeastern states,,,,,,
LAKE CITY,,,,,,
Burlingto,,,,,,
Heraklion,,,,,,
tot… Toronto,,,,,,
LifeLabs,,,,,,
Fukushima,,,,,,
Temperature,,,,,,
NEW YORK CITY,,,,,,
Mediterranean Europe,,,,,,
GREECE,,,,,,
Drosopigi village,,,,,,
the Western Balkans,,,,,,
Coachella,,,,,,
Anatolia,,,,,,
Palembang,,,,,,
Mukah,,,,,,
southeast Europe,,,,,,
prosec,,,,,,
UCC,,,,,,
Elkhorn,,,,,,
strea,,,,,,
Lassithi,,,,,,
Nanaimo,,,,,,
Megafire,,,,,,
Des Moi,,,,,,
Ancient Olympia,,,,,,
the Bay de Verde Peninsula,,,,,,
Russias Far East,,,,,,
Mount Vesuvius,,,,,,
Mount Vesuvius​,,,,,,
Naples,,,,,,
Daves Creek,,,,,,
Burnt River,,,,,,
Bulgaria,,,,,,
Rincon Colorado,,,,,,
the Jemez Mountains,,,,,,
Honolulu Civil,,,,,,
Port,,,,,,
the Dardanelles Strait,,,,,,
Dardanelles,,,,,,
Keratea,,,,,,
Los Angeles Countys,,,,,,
Ventura-L,,,,,,
Tarifa,,,,,,
NEW CUYAMA,,,,,,
The Regional District of Nanaimo,,,,,,
Holyrood,,,,,,
Martin Lake,,,,,,
Central Newfoundland,,,,,,
Bay d'Espoir,,,,,,
Corbieres,,,,,,
Glendale,,,,,,
Carcassonne,,,,,,
Broad Cove,,,,,,
Aude,,,,,,
Franceare,,,,,,
San Lui,,,,,,
Meeker,,,,,,
Northeastern US,,,,,,
Kryoneri,,,,,,
Herzegovina,,,,,,
Bosnia and,,,,,,
L.A. county,,,,,,
the Town of Musgrave Harbour,,,,,,
Musgrave Harbour,,,,,,
Pine Pond,,,,,,
North Sumatra's,,,,,,
Padang,,,,,,
North Sumatra Province,,,,,,
Medan,,,,,,
N Sumatra,,,,,,
Sail West,,,,,,
the Kishtwar district,,,,,,
Boston,,,,,,
Mass,,,,,,
the Avalon Peninsula,,,,,,
Slave Lake,,,,,,
REGINA,,,,,,
the United States…,,,,,,
Kerr County,,,,,,
Laguna Beach,,,,,,
Grand Canyon Lodge,,,,,,
the Bonavista Peninsula,,,,,,
Deer Creek,,,,,,
jaguars,,,,,,
Beacon Hill,,,,,,
the Deer Creek Fire,,,,,,
Jamestown,,,,,,
Mentrida,,,,,,
Bonavista Peninsula,,,,,,
Northern Arizona,,,,,,
the Jerusalem Mountains,,,,,,
Şarköy,,,,,,
Tekirdas,,,,,,
the City of Toronto,,,,,,
Western Massachusetts,,,,,,
Forest,,,,,,
Feneos,,,,,,
the South Rim Fire,,,,,,
Eskisehir,,,,,,
Ankara,,,,,,
Jordan,,,,,,
insuran,,,,,,
the Verisk W,,,,,,
LeafRapids,,,,,,
MONTROSE COUNTY,,,,,,
Northern Territory,,,,,,
The South Rim Wildfire,,,,,,
Colombian Andes,,,,,,
Andes,,,,,,
Camp Aspen,,,,,,
SARAJEVO,,,,,,
Prozor-Rama,,,,,,
Cypruss,,,,,,
the Rocky Mountains,,,,,,
Busselton,,,,,,
los angeles,,,,,,
Marten Beach,,,,,,
Summerwood,,,,,,
the Jasper Wildfire,,,,,,
Savukoski,,,,,,
Utsjoki,,,,,,
Pello,,,,,,
NICOSIA,,,,,,
the Churchill River,,,,,,
Eskişehir,,,,,,
Eskiehir,,,,,,
Eskisehir province,,,,,,
Riau province,,,,,,
Rokan Hilir District,,,,,,
Limassol,,,,,,
the City of St. John's,,,,,,
Mount Underwood,,,,,,
Lincoln County,,,,,,
HAWAII,,,,,,
Nagan Raya,,,,,,
Oakridge,,,,,,
the Diamond Peak Wilderness,,,,,,
Northwest US,,,,,,
the Northwest United States,,,,,,
Los Ang,,,,,,
Bilecik,,,,,,
North York Moors National Park,,,,,,
SANTA MONICA,,,,,,
Vounteni,,,,,,
Fresno County,,,,,,
Kingston,,,,,,
Novato,,,,,,
Behchokǫ̀,,,,,,
Behchok,,,,,,
the Napa Valley,,,,,,
NAIROBI,,,,,,
Lane County,,,,,,
Central Oregon,,,,,,
Bosnia,,,,,,
Leyton,,,,,,
Mountain Ritual,,,,,,
Amsterdam,,,,,,
Sweetwater Lake,,,,,,
Gardunha mountains,,,,,,
the Treasure Valley,,,,,,
Spuzzum,,,,,,
Banjarmasin City,,,,,,
The Mount Underwood,,,,,,
Annapolis,,,,,,
Island,,,,,,
Paddy,,,,,,
vineyards,,,,,,
Whatì,,,,,,
Chipewyan Lake,,,,,,
Newfo,,,,,,
west Wales,,,,,,
the Middle East,,,,,,
Alamos Gold,,,,,,
Austra…,,,,,,
VICTORIA,,,,,,
Brandon,,,,,,
Upper Murray,,,,,,
Ochre Pit Cove,,,,,,
Headworks Rd,,,,,,
Vancouver Island's,,,,,,
Dagenham,,,,,,
The Osprey Lake,,,,,,
Lee Creek,,,,,,
JAMMU,,,,,,
Keshwan,,,,,,
San Diego Countys,,,,,,
Briceburg,,,,,,
Janes Village,,,,,,
FRESNO,,,,,,
NBC Bay Area,,,,,,
Fort Providence,,,,,,
Hay River,,,,,,
North Carolina Genealogy,,,,,,
Qld,,,,,,
Camp California,,,,,,
Chinese Camp,,,,,,
Vibrant Planet,,,,,,
Januarys California,,,,,,
Coldstream,,,,,,
Californias Riverside County,,,,,,
Monroe,,,,,,
westside,,,,,,
Smokey Lake,,,,,,
Grand Canyon​,,,,,,
Neum,,,,,,
Sa… ST,,,,,,
Sunnyside,,,,,,
Quito,,,,,,
Bethsaida,,,,,,
el-Araj,,,,,,
the Sea of Galilee,,,,,,
Türkiyes,,,,,,
N.B.,,,,,,
Cherrywood,,,,,,
Ticknock,,,,,,
Heat Blasts Cyprus,,,,,,
Luxembourg,,,,,,
Kawartha Lakes,,,,,,
Kirkfield,,,,,,
Ont,,,,,,
Trancoso,,,,,,
GORMAN,,,,,,
River Canyon,,,,,,
northwest Leon,,,,,,
las,,,,,,
frontover,,,,,,
Patras,,,,,,
Montreal,,,,,,
Lanaudière,,,,,,
Hit Bay Area,,,,,,
Maple Hills,,,,,,
Atlantic Canada,,,,,,
the Robie Creek Area,,,,,,
Greeces,,,,,,
Achaia,,,,,,
Montenegro,,,,,,
Bayers Lake,,,,,,
Kaminia,,,,,,
Zakynthos,,,,,,
Preveza,,,,,,
Arta,,,,,,
Mountain Brook,,,,,,
Beijing,,,,,,
jaguarundi,,,,,,
Magdeburg,,,,,,
Oak,,,,,,
Pagosa Springs,,,,,,
Archuleta County,,,,,,
Camino de Santiago,,,,,,
Bridgetown,,,,,,
MADRID Spain,,,,,,
Eagle County,,,,,,
Alaska Summit,,,,,,
wildfiresand,,,,,,
The City of Port Alberni,,,,,,
LAS VEGAS,,,,,,
Bermuda,,,,,,
HIGH RIVER,,,,,,
Stoner Mesa,,,,,,
Ri,,,,,,
Picos de Europa mountains,,,,,,
Queensferry,,,,,,
DETROIT,,,,,,
Cherywood,,,,,,
tinderboxes,,,,,,
Upper East Side,,,,,,
Freshwater,,,,,,
Gulf,,,,,,
Gallipoli,,,,,,
Çanakkale,,,,,,
suppo,,,,,,
The City of Vernon,,,,,,
the City of Vernon,,,,,,
The Boltres Creek,,,,,,
Utah Valley,,,,,,
Slate Canyon,,,,,,
the Utah Valley,,,,,,
Pueblo,,,,,,
May.,,,,,,
Rio Arriba County,,,,,,
Québec,,,,,,
Walton,,,,,,
Southeast Michigan,,,,,,
the Lower Peninsula,,,,,,
Napa Town,,,,,,
Wennington,,,,,,
Traverse City,,,,,,
Lake Michigan,,,,,,
Ann Arbor,,,,,,
Northern Sask,,,,,,
Southern Ontario,,,,,,
Dawson Creek,,,,,,
the Summit Lake,,,,,,
the St. Lawrence River,,,,,,
Sandy Lake,,,,,,
Thompson,,,,,,
AgenciesLos Angeles,,,,,,
Zaporizhzhia,,,,,,
Kiskatinaw,,,,,,
The Summit Lake,,,,,,
Mati,,,,,,
Minnesota​,,,,,,
the Atlantic Ocean,,,,,,
Pukatawagan,,,,,,
Northern Californias,,,,,,
Escondido,,,,,,
Lower Michigan,,,,,,
QUEBEC CITY,,,,,,
CALISTOGA,,,,,,
Calistoga,,,,,,
Snow Lake,,,,,,
MINNEAPOLIS,,,,,,
Ravalli County,,,,,,
Nunavut,,,,,,
the Eastern US,,,,,,
Red Lake,,,,,,
RIO ARRIBA COUNTY,,,,,,
Saddle Hills County,,,,,,
Orroral Valley,,,,,,
EDMONTON,,,,,,
Philly,,,,,,
Bucks County,,,,,,
Shamong,,,,,,
Burlington County,,,,,,
Bucks,,,,,,
Chester,,,,,,
Fresno,,,,,,
Piiilani,,,,,,
the Snow Lake,,,,,,
colla… TORONTO,,,,,,
the Snow Lake r,,,,,,
Carson City,,,,,,
The Golden State’s,,,,,,
Prince Edward Island,,,,,,
Eur…,,,,,,
Lake City,,,,,,
the District of Squamish,,,,,,
WATERLOO,,,,,,
Squamish,,,,,,
Brackendale,,,,,,
the Greater Toronto Area,,,,,,
Greater Toronto Area,,,,,,
Mobile County,,,,,,
Southern,,,,,,
the US Northeast,,,,,,
San Bernardino County,,,,,,
Columbia River Gorge,,,,,,
the Columbia River Gorge,,,,,,
DALLES,,,,,,
Maritimes,,,,,,
Har Nof,,,,,,
Roosevelt Island,,,,,,
Central Canada,,,,,,
the Southern United States,,,,,,
the Eastern Seaboard,,,,,,
Bird River,,,,,,
Akasaki district,,,,,,
a Refuge From Climate Change,,,,,,
Kenora,,,,,,
los,,,,,,
Valley,,,,,,
Whiteshell,,,,,,
Nehalem,,,,,,
the Earth Fire Alliance,,,,,,
Bookara,,,,,,
SAO PAULO,,,,,,
High Park,,,,,,
Nopiming,,,,,,
Swan Hills,,,,,,
Clarno,,,,,,
Alexander,,,,,,
the Rural Municipality,,,,,,
the Redwater Recreation Area,,,,,,
Northern Minnesota,,,,,,
Sweden,,,,,,
CoveBlackheadBroad Cove,,,,,,
Carbonear,,,,,,
St Louis County,,,,,,
Bozeman,,,,,,
Princeton,,,,,,
LOUIS COUNTY,,,,,,
Ocean Pond,,,,,,
Lake Superior,,,,,,
Duluth,,,,,,
the Hudson River,,,,,,
Schuylerville,,,,,,
the Lac du Bonnet area,,,,,,
Whitbourne,,,,,,
FE,,,,,,
Sequoia,,,,,,
the Edith Lake,,,,,,
the Buckinghorse River,,,,,,
Kiskatinaw River,,,,,,
Kelly Lake,,,,,,
Barrie,,,,,,
Dakotas,,,,,,
Yellowhead County,,,,,,
PG&E,,,,,,
Trutch,,,,,,
emergen…,,,,,,
Pukatagawan,,,,,,
the Kiskatinaw River,,,,,,
Niagara Falls,,,,,,
the Gulf Coast,,,,,,
Christina Lake,,,,,,
Reaches Gulf Coast,,,,,,
BC-Alberta,,,,,,
Peace River,,,,,,
Bake West,,,,,,
Cana,,,,,,
Northern Saskatchewan,,,,,,
Saskatoon,,,,,,
Central,,,,,,
Manitoba Province,,,,,,
Creighton,,,,,,
Manitoba province,,,,,,
northern Manitoba,,,,,,
Saskatch,,,,,,
Canadian Province,,,,,,
La Ronge,,,,,,
the Parker Lake,,,,,,
accor,,,,,,
Pri,,,,,,
Manito,,,,,,
Silver City,,,,,,
the Far North,,,,,,
FRANKFURT,,,,,,
San Luis,,,,,,
Southern Oregon,,,,,,
Marseille Provence,,,,,,
MARSEILLE,,,,,,
Orange County Residents Protest Planned Residential Development,,,,,,
Trabuco Canyon,,,,,,
Orange Countys,,,,,,
Ruidoso,,,,,,
Delta,,,,,,
Jacob Lake,,,,,,
COCONINO COUNTY,,,,,,
New Mexico Village Rebuilds,,,,,,
the US West,,,,,,
Latakia,,,,,,
Garden Hill,,,,,,
Grand Canyon's,,,,,,
Tarragona,,,,,,
Summit Lake,,,,,,
the Shasta County Sheriff's,,,,,,
Crete Blaze ',,,,,,
Mersin,,,,,,
zmirs Çeme,,,,,,
Ödemi,,,,,,
Mersins Gülnar,,,,,,
PUYALLUP,,,,,,
Pikermi,,,,,,
Patuanak,,,,,,
Lake Shasta,,,,,,
Hope,,,,,,
Dortyol,,,,,,
Hatay province,,,,,,
Syria,,,,,,
Maili,,,,,,
adva,,,,,,
The North Rim,,,,,,
Northwestern Minnesota,,,,,,
De,,,,,,
La Sal,,,,,,
South Metro,,,,,,
PHOENIX,,,,,,
Grand Canyon Destroyed,,,,,,
Dragon Bravo,,,,,,
the Grand Canyon Lodge,,,,,,
Island Lake,,,,,,
Beaverton,,,,,,
North Rim Lodge,,,,,,
eastern Ontario,,,,,,
Belleville,,,,,,
Waianae,,,,,,
Canad,,,,,,
Regina,,,,,,
The Regional District,,,,,,
Chatfield State Park,,,,,,
sprea,,,,,,
North Spirit Lake,,,,,,
Keremeos,,,,,,
west Oahu,,,,,,
the Lahaina on Maui,,,,,,
the Gallinas River,,,,,,
Gallinas,,,,,,
Southern Utah,,,,,,
BISMARCK,,,,,,
the Upper Midwest BISMARCK,,,,,,
Montrose County,,,,,,
National Park,,,,,,
South Rim Fire,,,,,,
Latakia province,,,,,,
FLAGSTAFF,,,,,,
Shasta Lake,,,,,,
the Grand Canyon's,,,,,,
Çeşme,,,,,,
San Luis Obispo County,,,,,,
Fraser River,,,,,,
San Luis Obispo,,,,,,
Bernalda,,,,,,
Basilicata,,,,,,
Ber,,,,,,
Wis,,,,,,
REDDING,,,,,,
Cali.,,,,,,
"Redding addre… REDDING, Cali.",,,,,,
Dryden Creek,,,,,,
İzmir,,,,,,
zmir,,,,,,
Vale Base Metals,,,,,,
Palaia Fokaia,,,,,,
Thymari,,,,,,
the Northern Village,,,,,,
Antalya,,,,,,
the Western U.S.,,,,,,
Western rivers,,,,,,
Greek Island,,,,,,
Nome Creek,,,,,,
Burge Lake Provincial Park,,,,,,
the Burge Lake Provincial Park,,,,,,
DUBLIN,,,,,,
British Columbia’s,,,,,,
national park gorge,,,,,,
Northwest Territories,,,,,,
the Nome Creek Valley,,,,,,
WEST DADE,,,,,,
the Mantario Trail,,,,,,
Ingolf,,,,,,
Chios,,,,,,
Grecia,,,,,,
Chios Island,,,,,,
Kofina,,,,,,
Sakarya,,,,,,
Bursa,,,,,,
the Northern Hemisphere,,,,,,
Achlia,,,,,,
Hatay,,,,,,
Coeur d’Alene,,,,,,
Kahsho,,,,,,
Trocadero,,,,,,
Meteo France,,,,,,
Inland Empire,,,,,,
Lasithi,,,,,,
Chase,,,,,,
Greeces southern island,,,,,,
Waskesiu,,,,,,
southern Europe,,,,,,
Greec,,,,,,
ANKARA,,,,,,
Thursda,,,,,,
The City of Casey,,,,,,
COEUR D’ALENE,,,,,,
ROME,,,,,,
Kootenai County,,,,,,
Lisbon,,,,,,
Treasure Valley,,,,,,
Coeur,,,,,,
Canfield Mountain,,,,,,
Coeur d'Alene,,,,,,
46C as Europe,,,,,,
BOISE,,,,,,
Kootenai County Sheriff,,,,,,
Southern Europe Roasts,,,,,,
Superstorm Sandy,,,,,,
Costa Concordia,,,,,,
San,,,,,,
Southern California Wildfire As Evacuation Orders,,,,,,
Crestline,,,,,,
East Sussex,,,,,,
